,x,y,z
0,133599.2964,1415603.1612,97.13945
1,133599.0097,1415603.0758000002,97.10285
2,133598.70165,1415603.1520500001,97.11505000000001
3,133595.7767,1415603.3625,97.03575000000001
4,133596.07864999998,1415603.29235,97.07845
5,133596.3806,1415603.2161,97.08455
6,133596.6795,1415603.149,97.13640000000001
7,133596.99975,1415603.0605499998,97.04185
8,133597.30475,1415602.9843,97.05099999999999
9,133598.2167,1415602.7677499999,97.1181
10,133599.12865,1415602.5451,97.1669
11,133598.77790000002,1415602.46885,97.08455
12,133597.85069999998,1415602.6945500001,97.0693
13,133596.0024,1415603.149,97.07234999999999
14,133595.6913,1415603.22525,97.07845
15,133595.3863,1415603.29845,97.06625
16,133595.08130000002,1415603.3747,97.0693
17,133594.77325,1415603.45095,97.08455
18,133593.7576,1415603.18255,97.0693
19,133595.2948,1415602.8013,97.03880000000001
20,133595.612,1415602.72505,97.0266
21,133595.92309999999,1415602.6427,97.01135
22,133596.5331,1415602.4902,97.0144
23,133597.13395,1415602.3529500002,97.09065
24,133597.7592,1415602.19435,97.02355
25,133598.6803,1415601.9656,97.0266
26,133599.3086,1415601.81005,96.97475
27,133599.20489999998,1415601.746,97.08455
28,133598.89685,1415601.82225,97.0754
29,133598.58575,1415601.8985000001,97.0693
30,133598.28075,1415601.9717,97.04185
31,133597.04855,1415602.2736499999,97.05099999999999
32,133596.4233,1415602.42615,97.0571
33,133596.12135,1415602.49935,97.04795
34,133595.8133,1415602.5755999999,97.03269999999999
35,133595.19415,1415602.7281,97.0632
36,133594.8861,1415602.8043499999,97.06625
37,133594.58415,1415602.87755,97.05099999999999
38,133594.27,1415602.9538,97.05404999999999
39,133593.965,1415603.0239499998,97.04185
40,133593.65695,1415603.1063,97.07234999999999
41,133593.34889999998,1415603.17645,97.0632
42,133592.7328,1415603.3289499998,97.05404999999999
43,133590.58255000002,1415603.3381,97.04185
44,133591.50975,1415603.1124,97.03575000000001
45,133593.0378,1415602.73115,96.99915
46,133594.26695,1415602.4292000001,96.99305
47,133594.55975000001,1415602.3590499999,97.05099999999999
48,133595.4778,1415602.1364000002,97.05099999999999
49,133595.78585000001,1415602.06015,97.05404999999999
50,133596.10305,1415601.9778,97.0205
51,133596.7039,1415601.8375,97.09370000000001
52,133597.0211,1415601.74905,97.0205
53,133597.95135,1415601.52335,97.00525
54,133598.25024999998,1415601.4532,97.04795
55,133598.56745,1415601.3708499998,96.9961
56,133599.18050000002,1415601.21835,97.0022
57,133598.75045,1415601.2092000002,97.03269999999999
58,133598.4485,1415601.27935,96.99915
59,133595.66079999998,1415601.96255,97.04185
60,133595.04165,1415602.11505,97.04185
61,133594.7336,1415602.19435,97.0449
62,133594.4286,1415602.26755,97.02964999999999
63,133593.8186,1415602.4109,97.03269999999999
64,133593.51055,1415602.4902,97.03269999999999
65,133593.1964,1415602.5633999999,97.04185
66,133592.58335,1415602.7159,97.03880000000001
67,133592.2753,1415602.7921499999,97.0205
68,133591.9642,1415602.8684,97.0449
69,133591.65615,1415602.94465,97.02964999999999
70,133591.04615,1415603.09715,97.03880000000001
71,133590.7381,1415603.17035,97.0449
72,133590.43615,1415603.24355,97.0205
73,133587.75215,1415603.42045,97.06015000000001
74,133588.3652,1415603.26185,96.99915
75,133588.65495,1415603.20085,97.0876
76,133589.9024,1415602.8806,96.9534
77,133590.1891,1415602.8195999998,97.06625
78,133590.49409999998,1415602.74335,97.05404999999999
79,133591.4274,1415602.5085,96.99
80,133591.7385,1415602.4292000001,96.9595
81,133592.65655,1415602.2035,96.99
82,133592.9646,1415602.1302999998,96.98085
83,133593.8674,1415601.9168,97.06625
84,133594.19375,1415601.8283499999,96.98695000000001
85,133594.49265,1415601.75515,96.99915
86,133595.40155,1415601.53555,97.03269999999999
87,133595.7218,1415601.4532,96.98695000000001
88,133596.02375,1415601.38,96.99305
89,133596.9479,1415601.1512499999,96.9961
90,133597.259,1415601.075,96.98085
91,133597.85069999998,1415600.9377499998,97.09370000000001
92,133598.1801,1415600.84625,96.96865
93,133598.49425000002,1415600.77,96.9595
94,133598.78095000001,1415600.70595,97.0449
95,133599.17745000002,1415600.4741500001,97.04185
96,133598.8694,1415600.5443,97.01135
97,133598.56135,1415600.6175,97.01745000000001
98,133598.25024999998,1415600.6998500002,97.03269999999999
99,133597.94220000002,1415600.77,97.00525
100,133597.63415,1415600.8493,97.0266
101,133596.3989,1415601.1482,96.99915
102,133595.1667,1415601.4501500002,97.00525
103,133594.85865,1415601.52335,96.99915
104,133594.5506,1415601.59655,96.99305
105,133593.93145,1415601.74905,96.99
106,133593.6234,1415601.8253,97.0144
107,133593.3123,1415601.90155,97.0022
108,133593.00425,1415601.97475,96.99915
109,133592.38815,1415602.1242000002,96.98695000000001
110,133592.07705,1415602.2035,97.0144
111,133590.24705,1415602.65185,97.02355
112,133589.31985,1415602.87145,97.0205
113,133589.0118,1415602.9477,97.0266
114,133588.3957,1415603.1001999998,97.0449
115,133587.7857,1415603.2526999998,97.03880000000001
116,133587.47460000002,1415603.3289499998,97.0632
117,133587.1818,1415603.3991,97.03269999999999
118,133586.87985,1415603.4723,97.02355
119,133585.4677,1415603.3289499998,97.1181
120,133585.7727,1415603.2526999998,97.10285
121,133586.08685,1415603.17645,97.0693
122,133586.3827,1415603.1063,97.10589999999999
123,133587.0232,1415602.9355000001,96.93205
124,133587.62405,1415602.7891,96.97475
125,133587.926,1415602.71285,96.96865
126,133588.53295,1415602.5633999999,97.01135
127,133588.82575000002,1415602.5023999999,97.0815
128,133589.14295,1415602.42005,97.01135
129,133590.06405000002,1415602.1852,96.97475
130,133590.366,1415602.11505,97.0083
131,133590.68015,1415602.0326999999,96.9473
132,133590.9821,1415601.96255,96.96255000000001
133,133591.5921,1415601.81005,96.96255000000001
134,133593.12015,1415601.4379500002,96.99305
135,133593.4099,1415601.3708499998,97.06625
136,133593.7393,1415601.27935,96.929
137,133594.04125,1415601.20615,96.9534
138,133595.27345,1415600.9011499998,96.94425000000001
139,133595.88345,1415600.7578,96.9839
140,133596.17625,1415600.6907000002,97.0571
141,133596.47819999998,1415600.6175,97.0754
142,133596.81065,1415600.526,96.9717
143,133597.10345,1415600.4619500001,97.04795
144,133598.3387,1415600.1508499999,97.0083
145,133598.93955,1415600.0075,97.0632
146,133598.65895,1415599.89465,97.0266
147,133598.04285,1415600.04715,97.0083
148,133596.49955,1415600.42535,97.0083
149,133595.8865,1415600.5717500001,96.9839
150,133594.96235000002,1415600.8005000001,96.9961
151,133594.65735,1415600.8736999999,96.97779999999999
152,133594.3493,1415600.94995,96.9839
153,133593.4221,1415601.17565,96.97779999999999
154,133593.11405,1415601.24885,96.98085
155,133592.80295,1415601.32815,97.00525
156,133592.19295,1415601.4776,96.98085
157,133591.8849,1415601.55385,96.99305
158,133591.5677,1415601.63315,97.0205
159,133589.4205,1415602.15775,97.0266
160,133589.11854999998,1415602.23095,97.00525
161,133587.89245,1415602.5329,97.02964999999999
162,133587.59050000002,1415602.6030499998,97.02355
163,133587.2855,1415602.6793,97.02355
164,133586.67245,1415602.8317999998,97.03880000000001
165,133586.3644,1415602.90805,97.04185
166,133586.06245,1415602.98125,97.03880000000001
167,133585.7544,1415603.0574999999,97.05099999999999
168,133585.44635,1415603.13375,97.0693
169,133585.14745000002,1415603.2039,97.01745000000001
170,133584.84245,1415603.28015,97.0266
171,133584.2355,1415603.42655,97.01745000000001
172,133583.92745000002,1415603.49975,97.03269999999999
173,133581.6918,1415603.5576999998,97.01745000000001
174,133581.9846,1415603.4936499998,97.0754
175,133582.29265,1415603.41435,97.04795
176,133583.2046,1415603.1917,97.03575000000001
177,133583.50960000002,1415603.1185,97.0571
178,133583.82375,1415603.03005,96.97779999999999
179,133584.7235,1415602.8195999998,97.06625
180,133585.3518,1415602.6549,96.94120000000001
181,133585.6568,1415602.5817,96.9595
182,133585.95875,1415602.5085,96.97779999999999
183,133586.2485,1415602.44445,97.0571
184,133586.55045,1415602.37125,97.0632
185,133587.16045,1415602.2218,97.06625
186,133588.0968,1415601.98085,96.97475
187,133588.3957,1415601.91375,97.01745000000001
188,133588.70679999999,1415601.83445,96.99305
189,133589.00569999998,1415601.76125,97.0083
190,133589.60655,1415601.62095,97.0693
191,133590.2318,1415601.4593,96.98695000000001
192,133593.60815000001,1415600.6236,96.93509999999999
193,133595.1362,1415600.2515,96.97475
194,133595.429,1415600.1844,97.03575000000001
195,133595.74925,1415600.10205,96.96865
196,133596.3501,1415599.9586999998,97.03575000000001
197,133596.65815,1415599.8794,97.0144
198,133596.9723,1415599.8001,96.98085
199,133598.20145,1415599.4981499999,96.9717
200,133598.49425000002,1415599.4341,97.07234999999999
201,133599.12255,1415599.2724499998,97.01745000000001
202,133598.7901,1415599.25415,97.01135
203,133598.48205,1415599.3273500002,97.0144
204,133598.174,1415599.4036,97.01135
205,133597.2468,1415599.62625,97.0083
206,133594.7885,1415600.2270999998,96.96255000000001
207,133594.4713,1415600.3064000001,96.9839
208,133594.16325,1415600.3795999999,96.96255000000001
209,133593.85215,1415600.4589000002,96.99
210,133593.23605,1415600.6083499999,97.01135
211,133592.93409999998,1415600.6815499999,96.9717
212,133592.31495,1415600.83405,96.99
213,133592.02215,1415600.9011499998,96.93205
214,133591.70495,1415600.9804500001,96.9717
215,133591.40300000002,1415601.05365,96.97475
216,133590.48495,1415601.2763,96.9839
217,133589.8658,1415601.4288,96.99915
218,133587.7125,1415601.95645,97.0144
219,133586.7914,1415602.18215,97.02355
220,133586.48335,1415602.2614499999,97.04185
221,133584.96445,1415602.6305000002,97.0144
222,133582.84470000002,1415603.149,96.99
223,133581.9236,1415603.3747,97.01745000000001
224,133581.31665,1415603.5180499998,97.0022
225,133579.4836,1415603.5058499998,96.99915
226,133580.68835,1415603.2161,97.0632
227,133580.9903,1415603.1429,97.0815
228,133581.90835,1415602.91415,97.04795
229,133582.2225,1415602.8287499999,96.96255000000001
230,133582.51835,1415602.76165,97.0083
231,133583.12835,1415602.6122,97.02964999999999
232,133583.4303,1415602.5389999999,97.0266
233,133583.7292,1415602.4658000001,97.0449
234,133584.95835,1415602.15775,96.98085
235,133585.25725,1415602.09065,97.02355
236,133588.9325,1415601.1848000002,96.9961
237,133589.24055,1415601.1055,96.9595
238,133589.85055,1415600.9530000002,96.95035
239,133590.1525,1415600.88285,96.98085
240,133590.46055,1415600.80355,96.9473
241,133591.07055,1415600.6571499999,96.96560000000001
242,133591.3603,1415600.59005,97.03575000000001
243,133592.60775,1415600.2759,96.92595
244,133592.90970000002,1415600.1996499998,96.92595
245,133593.8247,1415599.9830999998,96.97779999999999
246,133594.1358,1415599.9038,96.94425000000001
247,133594.4286,1415599.83365,96.9961
248,133595.0569,1415599.67505,96.929
249,133595.3558,1415599.60185,96.98085
250,133595.65774999998,1415599.52865,96.97475
251,133596.27385,1415599.3792,96.98695000000001
252,133596.5819,1415599.306,97.00525
253,133596.90215,1415599.2236499998,96.94425000000001
254,133598.36615,1415598.7508999999,97.0083
255,133594.6726,1415599.6476,96.96865
256,133594.36455,1415599.7208000002,96.96255000000001
257,133594.05955,1415599.7970500002,96.9595
258,133593.44955,1415599.9464999998,96.9534
259,133593.1415,1415600.0197,96.96560000000001
260,133592.83345,1415600.0929,96.93815
261,133592.2143,1415600.24845,96.96560000000001
262,133591.90625,1415600.32165,96.96560000000001
263,133591.59514999998,1415600.40095,96.98085
264,133590.68625,1415600.6205499999,96.97475
265,133590.3843,1415600.6937499999,96.9534
266,133589.4571,1415600.9224999999,96.97779999999999
267,133588.83795,1415601.0689,96.9839
268,133588.53905,1415601.1420999998,96.95035
269,133588.231,1415601.2214000002,96.98085
270,133587.92905,1415601.2946,96.9717
271,133587.6149,1415601.3708499998,96.99305
272,133587.3099,1415601.4471,97.00525
273,133587.00185,1415601.5264,97.0205
274,133586.6938,1415601.5995999998,97.0205
275,133586.38575000002,1415601.6697500001,97.01135
276,133584.86685,1415602.04185,96.97779999999999
277,133581.50575,1415602.8623000002,96.98695000000001
278,133581.20075000002,1415602.9416,97.0022
279,133580.28575,1415603.1642500001,97.00525
280,133579.98685,1415603.23745,97.0022
281,133579.6788,1415603.3106499999,97.01745000000001
282,133579.081,1415603.454,96.9717
283,133578.77905,1415603.5302499998,96.98085
284,133576.702,1415603.5516,96.98695000000001
285,133577.00395,1415603.4784,96.96255000000001
286,133577.312,1415603.3991,96.929
287,133579.4348,1415602.87755,96.929
288,133580.32845,1415602.6671,97.03269999999999
289,133580.9415,1415602.51155,96.9961
290,133581.8565,1415602.2858499999,96.97475
291,133582.1615,1415602.2126500001,96.97779999999999
292,133582.4543,1415602.1425,97.02355
293,133583.0643,1415601.99,96.99
294,133583.3632,1415601.9198500002,97.02355
295,133585.1993,1415601.4654,96.98695000000001
296,133588.2554,1415600.7089999998,96.93815
297,133588.55735,1415600.6358,96.9534
298,133589.1704,1415600.4833000002,96.93205
299,133589.4754,1415600.4101,96.95644999999999
300,133589.7865,1415600.33385,96.94120000000001
301,133590.3965,1415600.18135,96.94425000000001
302,133590.69845,1415600.10815,96.96255000000001
303,133591.0065,1415600.0319,96.9534
304,133591.6165,1415599.8855,96.9717
305,133592.2326,1415599.7330000002,96.95035
306,133592.54065,1415599.6537,96.93509999999999
307,133593.75149999998,1415599.36395,97.00525
308,133594.98675,1415599.05285,96.97779999999999
309,133595.2887,1415598.9826999998,96.99
310,133595.5998,1415598.90645,96.96865
311,133598.37225000001,1415598.2201999999,96.96255000000001
312,133598.845,1415598.0067,96.99
313,133598.53694999998,1415598.0829500002,96.99915
314,133598.22585000002,1415598.1592,96.99915
315,133597.29864999998,1415598.3849,96.9839
316,133596.68255,1415598.5343499999,96.9839
317,133596.3806,1415598.60755,96.95644999999999
318,133595.76145,1415598.76005,96.98085
319,133594.83425,1415598.9826999998,96.98695000000001
320,133594.2151,1415599.1352,96.98085
321,133593.6051,1415599.2816,96.94120000000001
322,133593.3062,1415599.3548,96.93205
323,133592.9951,1415599.43105,96.94425000000001
324,133592.07705,1415599.65065,96.929
325,133591.4518,1415599.8092500002,96.95644999999999
326,133587.77655,1415600.7089999998,96.98695000000001
327,133587.16655,1415600.8554,96.96865
328,133586.85545,1415600.9316500002,96.97475
329,133586.54739999998,1415601.0048500001,96.95644999999999
330,133585.62935,1415601.23055,96.98695000000001
331,133585.3274,1415601.30375,96.9717
332,133585.01935,1415601.3830499998,97.0022
333,133584.4124,1415601.5264,96.99
334,133584.10434999998,1415601.6057,97.00525
335,133583.79935,1415601.6789000002,96.99915
336,133582.89045,1415601.8985000001,96.97475
337,133582.5885,1415601.9717,96.96255000000001
338,133581.67045,1415602.1974,96.99915
339,133581.36545,1415602.2706,96.97779999999999
340,133581.06045,1415602.3468499999,97.0022
341,133580.75545,1415602.4231,97.0022
342,133580.15155,1415602.5664499998,96.98695000000001
343,133579.84045,1415602.6427,97.0022
344,133579.54155,1415602.7159,96.98695000000001
345,133578.9346,1415602.8623000002,96.96865
346,133578.3307,1415603.01175,96.9595
347,133576.21095,1415603.52415,96.93205
348,133575.90595000001,1415603.6004,96.92595
349,133573.97835000002,1415603.63395,96.93509999999999
350,133574.8903,1415603.40215,96.87715
351,133575.49725000001,1415603.24965,96.87105
352,133575.79309999998,1415603.1856,96.8863
353,133576.68065,1415602.9721,96.9961
354,133576.99175000002,1415602.89585,96.94120000000001
355,133577.30285,1415602.81045,96.87715
356,133578.2026,1415602.5969500002,96.92595
357,133578.51065,1415602.51765,96.8985
358,133579.40125,1415602.3072,97.01745000000001
359,133579.72149999999,1415602.22485,96.93815
360,133580.62125,1415602.00525,97.0205
361,133580.92625,1415601.929,96.98085
362,133582.14015,1415601.63315,96.9961
363,133583.0521,1415601.4043999999,96.95644999999999
364,133583.35405,1415601.33425,96.98085
365,133583.97014999998,1415601.1726000002,96.92595
366,133584.88210000002,1415600.9560500002,96.95644999999999
367,133585.79405,1415600.7334,96.97779999999999
368,133587.02015,1415600.42535,96.8985
369,133588.53905,1415600.0563,96.95644999999999
370,133588.85014999998,1415599.9708999998,96.92290000000001
371,133589.74685,1415599.7635000001,97.0266
372,133590.06710000001,1415599.67505,96.9473
373,133590.35684999998,1415599.61405,97.02964999999999
374,133590.68625,1415599.52255,96.90154999999999
375,133590.98515,1415599.4523999998,96.93815
376,133591.30235,1415599.37005,96.8985
377,133591.59514999998,1415599.3029500002,96.95035
378,133593.74235000001,1415598.7752999999,96.93815
379,133594.35845,1415598.6228,96.929
380,133595.26735,1415598.4032,96.97475
381,133595.57845,1415598.3208499998,96.94120000000001
382,133595.88955,1415598.2445999999,96.93205
383,133596.8076,1415598.025,96.96865
384,133597.11565,1415597.94875,96.96865
385,133599.2476,1415597.43025,97.0571
386,133598.92124999998,1415597.3357,97.0144
387,133598.6132,1415597.41195,97.03269999999999
388,133598.32345,1415597.47905,96.96865
389,133598.01845,1415597.5553,96.99305
390,133596.5087,1415597.9213,96.96255000000001
391,133595.8987,1415598.0646499998,96.96865
392,133594.9837,1415598.29035,96.9595
393,133594.67870000002,1415598.3605000002,96.94120000000001
394,133594.3798,1415598.43675,96.94120000000001
395,133593.46175000002,1415598.66245,96.9717
396,133593.16895,1415598.72955,96.92290000000001
397,133592.8609,1415598.8058000002,96.93815
398,133592.55895,1415598.879,96.92595
399,133592.25089999998,1415598.9522,96.91985
400,133591.94895,1415599.0284499999,96.93205
401,133591.6409,1415599.1047,96.95644999999999
402,133591.33285,1415599.18095,96.9595
403,133590.72895,1415599.3243,96.93509999999999
404,133590.4209,1415599.40055,96.95035
405,133589.51200000002,1415599.6232,96.93205
406,133589.2009,1415599.6964,96.94425000000001
407,133588.29200000002,1415599.91905,96.9534
408,133587.682,1415600.0685,96.95644999999999
409,133587.377,1415600.1417,96.95035
410,133586.76395,1415600.29115,96.95035
411,133586.462,1415600.3673999999,96.9595
412,133585.24505,1415600.6601999998,96.94120000000001
413,133584.937,1415600.73645,96.96865
414,133584.63505,1415600.8066,96.94120000000001
415,133582.79895,1415601.26105,96.98085
416,133582.19809999998,1415601.4043999999,96.9595
417,133581.89615,1415601.4776,96.95644999999999
418,133581.5881,1415601.5569,96.97779999999999
419,133581.28615,1415601.6301,96.98085
420,133580.972,1415601.7094,97.0144
421,133580.66700000002,1415601.78565,97.0205
422,133580.362,1415601.8558,96.98695000000001
423,133580.0509,1415601.9351000001,97.03269999999999
424,133579.76115,1415601.99915,96.97475
425,133579.4592,1415602.07235,96.9595
426,133578.8492,1415602.2218,96.97779999999999
427,133578.5503,1415602.295,96.9595
428,133578.2453,1415602.3682000001,96.95644999999999
429,133576.72944999998,1415602.7342,96.9473
430,133574.6097,1415603.2526999998,96.9046
431,133574.3047,1415603.3258999998,96.8985
432,133573.69775,1415603.47535,96.91375
433,133573.3958,1415603.5455000002,96.89545
434,133573.0969,1415603.6187,96.8863
435,133571.2608,1415603.6309,96.8497
436,133571.56274999998,1415603.5546499998,96.84055
437,133572.4625,1415603.33505,96.86800000000001
438,133573.9753,1415602.95685,96.82225
439,133574.85675,1415602.7586,97.0083
440,133575.17395,1415602.66405,96.88325
441,133575.46675000002,1415602.6030499998,96.9534
442,133575.77479999998,1415602.5207,96.92290000000001
443,133576.6776,1415602.3011,96.94120000000001
444,133576.9765,1415602.23095,96.9595
445,133577.28454999998,1415602.1516500001,96.91985
446,133578.1965,1415601.92595,96.9046
447,133579.68185,1415601.57215,97.0754
448,133579.98380000002,1415601.49895,97.06625
449,133580.301,1415601.4105000002,96.9717
450,133580.60905,1415601.3373,96.98695000000001
451,133581.53014999998,1415601.1055,96.9473
452,133582.1371,1415600.9591,96.96255000000001
453,133582.43905000002,1415600.88285,96.94425000000001
454,133583.04905,1415600.73035,96.91985
455,133583.35405,1415600.6571499999,96.94425000000001
456,133587.01405,1415599.75435,96.91985
457,133587.621,1415599.6049,96.91985
458,133588.23405,1415599.44935,96.88935000000001
459,133588.53295,1415599.37615,96.94425000000001
460,133588.84100000001,1415599.3029500002,96.93509999999999
461,133590.06405000002,1415598.99795,96.8985
462,133590.36295,1415598.9278,96.94425000000001
463,133590.9821,1415598.77225,96.90765
464,133591.29624999998,1415598.696,96.9046
465,133593.73625,1415598.0951500002,96.9168
466,133594.03819999998,1415598.02195,96.94120000000001
467,133595.2643,1415597.71695,96.9473
468,133595.5632,1415597.6498500002,96.9839
469,133596.1732,1415597.5004,96.98695000000001
470,133596.49955,1415597.41195,96.90765
471,133598.6803,1415596.7836499999,96.97779999999999
472,133598.37225000001,1415596.8568499999,96.96560000000001
473,133598.06115,1415596.93615,96.99305
474,133595.91395,1415597.4577,96.9473
475,133595.6059,1415597.5339499998,96.95035
476,133594.98979999998,1415597.68035,96.95035
477,133594.68785,1415597.75355,96.92290000000001
478,133594.37065,1415597.83285,96.95644999999999
479,133594.0687,1415597.90605,96.93815
480,133593.4526,1415598.0555000002,96.929
481,133593.1415,1415598.1317500002,96.95035
482,133592.8426,1415598.2019,96.8985
483,133592.22955,1415598.3544,96.92595
484,133591.9215,1415598.4276,96.91985
485,133591.6104,1415598.5069,96.94120000000001
486,133590.3904,1415598.8058000002,96.92290000000001
487,133589.7743,1415598.9522,96.9168
488,133589.47235,1415599.0284499999,96.93509999999999
489,133589.16735,1415599.10165,96.90765
490,133588.85624999998,1415599.18095,96.94425000000001
491,133587.93515,1415599.4036,96.92290000000001
492,133587.6271,1415599.4829,96.94425000000001
493,133586.7121,1415599.7055499998,96.9473
494,133586.4071,1415599.77875,96.9473
495,133584.87905000002,1415600.1539,96.9473
496,133582.741,1415600.6785,96.97779999999999
497,133581.826,1415600.9011499998,96.95644999999999
498,133581.21600000001,1415601.0506,96.95644999999999
499,133580.91405,1415601.1238,96.96560000000001
500,133579.0932,1415601.5691,96.95035
501,133578.80955,1415601.6270500002,96.82225
502,133578.49235000001,1415601.7155000002,96.93509999999999
503,133578.18125,1415601.7887,96.9534
504,133574.55175,1415602.6732,96.88935000000001
505,133573.6398,1415602.89585,96.89545
506,133573.03895,1415603.0392,96.86189999999999
507,133572.7309,1415603.1154500002,96.8985
508,133572.1331,1415603.2588,96.8497
509,133570.92835,1415603.5546499998,96.84055
510,133570.62945,1415603.6248,96.83749999999999
511,133568.82690000001,1415603.5851500002,96.85275
512,133569.14105,1415603.49975,96.7765
513,133569.44605,1415603.42655,96.76735
514,133569.73885,1415603.3625,96.83749999999999
515,133570.3336,1415603.21305,96.8558
516,133570.94055,1415603.0636000002,96.81615
517,133571.53835000002,1415602.92025,96.84055
518,133571.8403,1415602.8439999998,96.84665000000001
519,133572.4442,1415602.6945500001,96.84665000000001
520,133572.737,1415602.6305000002,96.90154999999999
521,133573.94175,1415602.3346499999,96.8924
522,133574.84455,1415602.1120000002,96.91375
523,133575.44845,1415601.96865,96.93509999999999
524,133575.75345000002,1415601.8893499998,96.89545
525,133576.65625,1415601.6728,96.96560000000001
526,133576.9582,1415601.5995999998,96.95035
527,133577.8671,1415601.3708499998,96.91985
528,133578.17515,1415601.29765,96.9168
529,133579.0932,1415601.0689,96.8863
530,133579.386,1415601.0018,96.9595
531,133579.69405,1415600.9255499998,96.92595
532,133580.5938,1415600.7089999998,96.9839
533,133581.8138,1415600.4039999999,96.92595
534,133582.11575,1415600.32165,96.88019999999999
535,133582.41465,1415600.2576000001,96.93815
536,133583.01854999998,1415600.10815,96.9534
537,133587.59355,1415598.9826999998,96.90154999999999
538,133588.20965,1415598.8302,96.88325
539,133588.5116,1415598.7539499998,96.9046
540,133588.8044,1415598.6898999999,96.98085
541,133589.12159999998,1415598.60755,96.9107
542,133589.7377,1415598.45505,96.8924
543,133590.0427,1415598.3788,96.88935000000001
544,133591.2505,1415598.08905,96.97779999999999
545,133592.19295,1415597.8481,96.89545
546,133592.79684999998,1415597.70475,96.9168
547,133593.1049,1415597.6285,96.90765
548,133593.7149,1415597.4821,96.929
549,133594.01380000002,1415597.4089000002,96.95035
550,133594.9349,1415597.1832,96.96865
551,133595.24294999999,1415597.1099999999,96.98085
552,133595.551,1415597.0307,96.9473
553,133596.7832,1415596.7257,96.92595
554,133598.92735,1415596.2041500001,96.98085
555,133599.2354,1415596.13095,96.99
556,133598.62235,1415596.1675500001,96.97475
557,133598.3143,1415596.2438,96.9717
558,133597.9971,1415596.317,96.99
559,133594.61465,1415597.1435500002,96.9534
560,133594.30965,1415597.2198,96.95644999999999
561,133593.99550000002,1415597.29605,96.96560000000001
562,133593.3855,1415597.44245,96.93205
563,133593.0744,1415597.5187,96.95644999999999
564,133592.76635,1415597.5949499998,96.94425000000001
565,133591.84524999998,1415597.82065,96.9473
566,133591.53720000002,1415597.88775,96.92290000000001
567,133590.61915,1415598.1165,96.92290000000001
568,133590.3111,1415598.19275,96.92595
569,133589.39915,1415598.41235,96.90765
570,133589.0911,1415598.49165,96.93205
571,133587.86195,1415598.7905499998,96.93509999999999
572,133587.5539,1415598.8668,96.94425000000001
573,133587.25195,1415598.93695,96.93509999999999
574,133586.94999999998,1415599.0101500002,96.90765
575,133586.6511,1415599.0803,96.88019999999999
576,133586.34305,1415599.1596,96.9046
577,133585.425,1415599.38225,96.89545
578,133585.1139,1415599.4585,96.92290000000001
579,133584.8089,1415599.53475,96.92290000000001
580,133582.67695,1415600.0563,96.95035
581,133581.45695,1415600.35215,96.93509999999999
582,133581.155,1415600.4283999999,96.93815
583,133580.85,1415600.4955000002,96.91375
584,133580.23695,1415600.6541,96.9595
585,133579.93805,1415600.7273000001,96.96865
586,133579.6361,1415600.8005000001,96.97475
587,133578.7394,1415601.01095,96.88019999999999
588,133578.4466,1415601.075,96.79175000000001
589,133576.2994,1415601.6117999998,96.93509999999999
590,133576.0005,1415601.6789000002,96.8985
591,133575.69855,1415601.75515,96.90154999999999
592,133575.09464999998,1415601.9045999998,96.9046
593,133574.48465,1415602.051,96.87715
594,133573.88075,1415602.1974,96.8985
595,133573.5849,1415602.2706,96.88019999999999
596,133573.27685,1415602.3468499999,96.88935000000001
597,133572.67295,1415602.4902,96.87105
598,133572.07210000002,1415602.6366,96.85884999999999
599,133571.4682,1415602.7799499999,96.83749999999999
600,133571.16625,1415602.8592500002,96.85275
601,133570.5654,1415603.00565,96.8436
602,133570.26345,1415603.0758000002,96.83749999999999
603,133569.06175,1415603.3686000002,96.8131
604,133568.4548,1415603.515,96.81005
605,133568.15284999998,1415603.5851500002,96.80395
606,133567.8509,1415603.65835,96.79785
607,133568.8635,1415602.95685,96.82225
608,133569.1685,1415602.88975,96.84055
609,133569.4735,1415602.8043499999,96.7887
610,133570.07434999998,1415602.661,96.8192
611,133570.6752,1415602.5145999999,96.82225
612,133571.26995000002,1415602.37125,96.8497
613,133571.58104999998,1415602.295,96.82225
614,133571.8769,1415602.2218,96.8497
615,133572.1819,1415602.14555,96.83445
616,133572.47775,1415602.0754,96.86189999999999
617,133573.9753,1415601.71855,96.96865
618,133575.1892,1415601.4135500002,96.9046
619,133575.787,1415601.2641,96.9168
620,133576.3909,1415601.1176999998,96.92290000000001
621,133576.6898,1415601.04755,96.9534
622,133576.99175000002,1415600.97435,96.96865
623,133577.2876,1415600.90725,97.02964999999999
624,133577.58345,1415600.83405,97.03880000000001
625,133577.90675,1415600.7456,96.92290000000001
626,133578.2148,1415600.6663,96.88935000000001
627,133580.32845,1415600.1539,96.95035
628,133580.63955,1415600.07155,96.91375
629,133581.54845,1415599.8489,96.9107
630,133581.8565,1415599.7696,96.8741
631,133582.15540000002,1415599.6964,96.90154999999999
632,133582.45124999998,1415599.6293,96.93509999999999
633,133582.7654,1415599.55,96.8985
634,133583.07345,1415599.4707,96.88019999999999
635,133583.37540000002,1415599.3975,96.88325
636,133584.5771,1415599.1047,96.93509999999999
637,133585.19625,1415598.94915,96.8863
638,133588.2432,1415598.20495,96.94120000000001
639,133588.55125,1415598.1287,96.91985
640,133588.85319999998,1415598.0555000002,96.9473
641,133589.1704,1415597.97315,96.8985
642,133589.7743,1415597.8236999998,96.92290000000001
643,133590.39955,1415597.66815,96.85884999999999
644,133591.0065,1415597.5187,96.8924
645,133591.2993,1415597.45465,96.96560000000001
646,133591.60125,1415597.3814499998,96.96865
647,133592.53454999998,1415597.1466,96.8924
648,133592.8365,1415597.07035,96.89545
649,133593.4465,1415596.91785,96.9107
650,133594.06565,1415596.77145,96.9107
651,133594.3737,1415596.6952,96.9046
652,133594.6726,1415596.622,96.94425000000001
653,133595.2826,1415596.4695000001,96.93815
654,133595.5937,1415596.3963,96.94120000000001
655,133596.2037,1415596.2499,96.96560000000001
656,133596.50565,1415596.1736499998,96.98695000000001
657,133596.8198,1415596.0973999999,96.9595
658,133597.1065,1415596.0303,97.05404999999999
659,133598.0581,1415595.78935,96.9168
660,133598.36615,1415595.7131,96.90765
661,133598.92735,1415595.4691,96.98085
662,133598.6193,1415595.5484,96.98695000000001
663,133598.31735,1415595.61855,96.9473
664,133594.92575,1415596.4451000001,96.92595
665,133593.07135,1415596.8964999998,96.93509999999999
666,133591.85135,1415597.1893,96.88019999999999
667,133591.5494,1415597.26555,96.8863
668,133590.6222,1415597.4943,96.92595
669,133590.31720000002,1415597.5675,96.91985
670,133589.3961,1415597.7932,96.95035
671,133589.09415000002,1415597.8664000002,96.90765
672,133587.8589,1415598.16835,96.91985
673,133587.55695,1415598.24155,96.92290000000001
674,133587.24889999998,1415598.3177999998,96.92595
675,133586.94694999998,1415598.391,96.9168
676,133586.64805,1415598.4611499999,96.8985
677,133586.33695,1415598.5373999998,96.90765
678,133586.0289,1415598.61365,96.92290000000001
679,133585.42195,1415598.76005,96.88935000000001
680,133585.11085,1415598.83935,96.929
681,133584.8089,1415598.91255,96.9107
682,133582.68,1415599.43105,96.8924
683,133580.85305,1415599.8733,96.90765
684,133579.9411,1415600.09595,96.8863
685,133579.63305,1415600.1783,96.93509999999999
686,133578.4222,1415600.4711000002,96.90765
687,133575.9944,1415601.0628,96.9046
688,133575.69245,1415601.13295,96.8863
689,133575.08550000002,1415601.27935,96.9046
690,133574.78355,1415601.3556,96.88935000000001
691,133574.4816,1415601.43185,96.8924
692,133574.1766,1415601.50505,96.89545
693,133573.87465,1415601.5751999998,96.8924
694,133573.5727,1415601.6514499998,96.87715
695,133573.2738,1415601.71855,96.86495000000001
696,133571.761,1415602.09065,96.8497
697,133570.85515,1415602.3102499999,96.83445
698,133570.5532,1415602.3804000001,96.8314
699,133570.2543,1415602.4536000001,96.7948
700,133569.6504,1415602.6030499998,96.81005
701,133569.04955,1415602.7464,96.7765
702,133568.7476,1415602.8195999998,96.81005
703,133568.14675,1415602.96295,96.77345000000001
704,133567.84175000002,1415603.04225,96.8131
705,133567.54285,1415603.1154500002,96.79785
706,133567.2409,1415603.18865,96.7948
707,133567.09755,1415602.7525,96.8192
708,133567.39645,1415602.6793,96.80395
709,133567.70755000002,1415602.5969500002,96.73685
710,133568.29925,1415602.45665,96.8253
711,133569.19595,1415602.2401,96.8497
712,133569.50095000002,1415602.1638500001,96.8253
713,133569.79069999998,1415602.09675,96.8863
714,133570.6935,1415601.8741,96.88019999999999
715,133571.29434999998,1415601.7277,96.8985
716,133571.8952,1415601.5813,96.92595
717,133572.20325,1415601.50505,96.8863
718,133572.5052,1415601.4288,96.8924
719,133572.81325,1415601.3464499998,96.83749999999999
720,133574.9147,1415600.8371,96.86189999999999
721,133575.51555,1415600.6907000002,96.88935000000001
722,133576.4275,1415600.4619500001,96.88935000000001
723,133577.00395,1415600.3369,97.07845
724,133577.94030000002,1415600.0929,96.88325
725,133578.2392,1415600.02275,96.93815
726,133579.15115,1415599.794,96.8741
727,133580.3681,1415599.4951000002,96.87105
728,133580.65785,1415599.43105,96.94120000000001
729,133581.87785,1415599.1291,96.93205
730,133582.17675,1415599.0559,96.95644999999999
731,133582.80505,1415598.8942500001,96.85884999999999
732,133583.09785,1415598.82715,96.8985
733,133583.39979999998,1415598.7508999999,96.92290000000001
734,133588.57565,1415597.4821,96.92290000000001
735,133588.89285,1415597.3967000002,96.86189999999999
736,133589.50285,1415597.2503,96.87715
737,133589.79565000001,1415597.1832,96.9473
738,133590.1037,1415597.10695,96.929
739,133591.04005,1415596.8690499999,96.83749999999999
740,133591.33285,1415596.80195,96.8985
741,133591.9337,1415596.6586000002,96.95644999999999
742,133592.55895,1415596.5,96.8863
743,133592.867,1415596.42375,96.8863
744,133593.46785,1415596.28345,96.9595
745,133593.7942,1415596.1919500001,96.83445
746,133594.09615,1415596.1217999998,96.88325
747,133594.6909,1415595.9815,96.94425000000001
748,133594.99895,1415595.9052499998,96.95035
749,133595.307,1415595.829,96.93815
750,133595.6059,1415595.7619,97.00525
751,133595.92309999999,1415595.6764999998,96.93815
752,133596.2403,1415595.5972,96.92290000000001
753,133596.5331,1415595.53315,96.99305
754,133597.4542,1415595.3044,96.99
755,133597.76225,1415595.22815,96.9717
756,133598.0703,1415595.1519,96.96560000000001
757,133599.15305,1415594.731,96.9717
758,133598.53389999998,1415594.8835,96.98085
759,133598.22585000002,1415594.9567,96.94425000000001
760,133597.91475,1415595.0299,96.9473
761,133597.29864999998,1415595.1823999998,96.96255000000001
762,133596.68865,1415595.3288,96.93509999999999
763,133595.76145,1415595.55755,96.94425000000001
764,133595.45035,1415595.6276999998,96.94425000000001
765,133594.5323,1415595.8564499998,96.92595
766,133594.2212,1415595.9266,96.9107
767,133593.30315,1415596.1523,96.9046
768,133592.68399999998,1415596.3048,96.93205
769,133591.75985,1415596.52745,96.91375
770,133587.7735,1415597.5004,96.9107
771,133587.1635,1415597.6498500002,96.9168
772,133586.86155,1415597.72,96.8985
773,133586.55655,1415597.7932,96.89545
774,133586.2485,1415597.8725,96.92290000000001
775,133585.9435,1415597.94875,96.93205
776,133585.3335,1415598.0951500002,96.92595
777,133585.02850000001,1415598.16835,96.90154999999999
778,133584.72655,1415598.24155,96.88935000000001
779,133584.41545,1415598.3177999998,96.9107
780,133582.58544999998,1415598.76005,96.9046
781,133581.6674,1415598.9888,96.92290000000001
782,133581.3685,1415599.0559,96.9046
783,133581.06655000002,1415599.13215,96.88935000000001
784,133580.7585,1415599.2084,96.8924
785,133580.1485,1415599.35785,96.9168
786,133579.8435,1415599.43105,96.91375
787,133579.5385,1415599.5042500002,96.92290000000001
788,133576.21095,1415600.31555,96.90154999999999
789,133575.60705,1415600.4619500001,96.88325
790,133575.3051,1415600.5351500001,96.88325
791,133574.7012,1415600.6785,96.86189999999999
792,133574.3901,1415600.7578,96.89545
793,133574.08815,1415600.831,96.88935000000001
794,133573.78925,1415600.9011499998,96.86495000000001
795,133573.49035,1415600.97435,96.8497
796,133573.18839999998,1415601.0445,96.8558
797,133572.5784,1415601.1970000002,96.8741
798,133571.97145,1415601.3464499998,96.88019999999999
799,133571.36755,1415601.49285,96.89545
800,133571.06865,1415601.56605,96.8558
801,133570.46475,1415601.71245,96.85884999999999
802,133568.95805,1415602.0754,96.8131
803,133568.66220000002,1415602.14555,96.7887
804,133568.0522,1415602.295,96.81005
805,133567.14635,1415602.5145999999,96.7948
806,133567.125,1415602.0936999999,96.75210000000001
807,133567.72280000002,1415601.95035,96.76429999999999
808,133568.32365,1415601.8039499999,96.807
809,133568.9245,1415601.6545000002,96.8253
810,133569.52534999998,1415601.51115,96.8253
811,133569.83645,1415601.4288,96.75210000000001
812,133570.1323,1415601.3586499998,96.7887
813,133570.73315000001,1415601.2153,96.8497
814,133571.3279,1415601.07195,96.8741
815,133571.6329,1415600.9926500001,96.85884999999999
816,133572.22765,1415600.8554,96.93815
817,133572.8468,1415600.6937499999,96.8314
818,133573.44765,1415600.5443,96.8436
819,133574.94215,1415600.1783,96.91375
820,133575.2563,1415600.10205,96.87105
821,133575.5552,1415600.0258000002,96.86189999999999
822,133576.45190000001,1415599.8092500002,96.8985
823,133576.76605,1415599.7269,96.83749999999999
824,133577.07105,1415599.65065,96.82225
825,133578.2636,1415599.36395,96.91985
826,133579.4653,1415599.0681,96.97779999999999
827,133581.29835,1415598.6167000001,96.92595
828,133581.90835,1415598.4642,96.90765
829,133582.2164,1415598.3849,96.87715
830,133582.8264,1415598.23545,96.87105
831,133583.1192,1415598.16835,96.929
832,133583.42725,1415598.08905,96.88935000000001
833,133584.3392,1415597.86335,96.89545
834,133584.63809999998,1415597.79625,96.9534
835,133584.94005,1415597.72,96.9534
836,133585.5592,1415597.5614,96.8985
837,133587.0842,1415597.18625,96.8863
838,133588.30419999998,1415596.8873500002,96.91375
839,133588.92335,1415596.72875,96.87105
840,133589.52419999999,1415596.5854,96.92595
841,133589.83225,1415596.5122,96.9168
842,133590.1403,1415596.4329000001,96.9168
843,133590.75944999998,1415596.2804,96.88019999999999
844,133591.05225,1415596.21025,96.93205
845,133591.3603,1415596.1339999998,96.92290000000001
846,133591.97335000001,1415595.9754,96.87105
847,133593.18115,1415595.6886999998,96.96560000000001
848,133593.4892,1415595.61245,96.9717
849,133594.12055,1415595.4477499998,96.86800000000001
850,133594.42554999999,1415595.37455,96.87715
851,133594.71835,1415595.3044,96.92290000000001
852,133595.0264,1415595.2312,96.93509999999999
853,133595.32225,1415595.16105,96.96255000000001
854,133595.94444999998,1415594.9994,96.9046
855,133596.2403,1415594.93535,96.98085
856,133596.5636,1415594.8469,96.9168
857,133598.09165000002,1415594.47785,96.97779999999999
858,133598.7047,1415594.3284,96.97779999999999
859,133599.01885,1415594.2491,96.9473
860,133599.1134,1415594.06,96.93509999999999
861,133598.49120000002,1415594.2125,96.9534
862,133598.17705,1415594.28875,96.95644999999999
863,133597.86595,1415594.36805,96.98085
864,133597.56704999998,1415594.43515,96.9534
865,133596.9479,1415594.5876500001,96.94120000000001
866,133596.64595,1415594.6608499999,96.92290000000001
867,133595.7096,1415594.89265,96.9717
868,133594.18155,1415595.26475,96.929
869,133593.8735,1415595.33795,96.90154999999999
870,133592.9463,1415595.56365,96.9107
871,133592.3302,1415595.71615,96.90765
872,133591.7202,1415595.86255,96.88019999999999
873,133591.41825000002,1415595.9326999998,96.86495000000001
874,133589.88715,1415596.3109,96.8741
875,133589.5791,1415596.3871499998,96.90154999999999
876,133587.74300000002,1415596.8355,96.8741
877,133587.1269,1415596.9880000001,96.91985
878,133586.51385,1415597.1405000002,96.929
879,133586.2058,1415597.2167500001,96.929
880,133585.90385,1415597.2869,96.9046
881,133585.6019,1415597.3601000002,96.88935000000001
882,133585.29690000002,1415597.43025,96.88325
883,133584.99495,1415597.50955,96.88935000000001
884,133584.68385,1415597.5888500002,96.929
885,133584.3697,1415597.66815,96.95035
886,133583.77495,1415597.8054,96.8741
887,133583.4669,1415597.8847,96.9107
888,133583.15885,1415597.96095,96.92290000000001
889,133582.55495,1415598.1073500002,96.90154999999999
890,133581.0269,1415598.47945,96.9107
891,133580.728,1415598.5557000001,96.90154999999999
892,133580.42604999998,1415598.6228,96.8924
893,133579.8191,1415598.7752999999,96.89545
894,133579.51715,1415598.8485,96.88935000000001
895,133579.2091,1415598.92475,96.90154999999999
896,133578.90714999998,1415598.99795,96.90154999999999
897,133576.18655,1415599.6598,96.86189999999999
898,133575.88460000002,1415599.7330000002,96.87105
899,133575.5857,1415599.8062,96.84055
900,133575.27765,1415599.8855,96.88019999999999
901,133574.6707,1415600.0288500001,96.87105
902,133574.06375,1415600.18135,96.85884999999999
903,133573.76485,1415600.2545500002,96.85275
904,133572.85595,1415600.4741500001,96.84055
905,133572.554,1415600.5473500001,96.8253
906,133571.95315000002,1415600.6907000002,96.80395
907,133571.04425,1415600.9164000002,96.81615
908,133570.4434,1415601.05975,96.7887
909,133568.9306,1415601.4257500002,96.7948
910,133568.6317,1415601.50505,96.8009
911,133568.32975,1415601.5751999998,96.8009
912,133568.03085,1415601.6483999998,96.7826
913,133567.7289,1415601.7216,96.76125
914,133567.4239,1415601.8009,96.79785
915,133567.12195,1415601.8741,96.8131
916,133567.1494,1415601.4043999999,96.79175000000001
917,133567.75024999998,1415601.25495,96.80395
918,133568.3511,1415601.10855,96.81615
919,133569.23864999998,1415600.8980999999,96.91985
920,133569.5467,1415600.8188,96.8497
921,133569.86085,1415600.73645,96.78564999999999
922,133570.16585000002,1415600.6541,96.72465
923,133570.76365,1415600.5138,96.79785
924,133571.36755,1415600.36435,96.7826
925,133571.6634,1415600.2942000001,96.8253
926,133571.95620000002,1415600.2270999998,96.88019999999999
927,133572.2734,1415600.1356,96.74905
928,133572.5601,1415600.0746,96.86189999999999
929,133573.77705,1415599.7696,96.83749999999999
930,133574.07595,1415599.7025,96.8558
931,133574.3779,1415599.62625,96.85275
932,133574.6768,1415599.5561000002,96.87105
933,133574.97875,1415599.47375,96.8314
934,133575.2685,1415599.41275,96.92595
935,133576.18655,1415599.184,96.88019999999999
936,133576.49155,1415599.10775,96.85884999999999
937,133576.7874,1415599.0376000002,96.89545
938,133577.69934999998,1415598.8088500001,96.8497
939,133579.813,1415598.2933999998,96.88019999999999
940,133580.423,1415598.14395,96.8863
941,133581.33800000002,1415597.9213,96.90765
942,133581.9419,1415597.77185,96.92290000000001
943,133582.8569,1415597.5461499998,96.9107
944,133583.15885,1415597.476,96.94120000000001
945,133584.08604999998,1415597.24115,96.86495000000001
946,133584.38495,1415597.1679500001,96.8863
947,133584.6869,1415597.0977999999,96.9046
948,133585.60495,1415596.866,96.85275
949,133588.03579999998,1415596.2682,96.86189999999999
950,133588.3347,1415596.195,96.8985
951,133589.56995,1415595.89,96.8558
952,133589.87495,1415595.8168,96.86189999999999
953,133593.538,1415594.92315,96.92290000000001
954,133594.4652,1415594.69135,96.90154999999999
955,133594.7824,1415594.60595,96.8253
956,133595.0752,1415594.54495,96.92595
957,133595.7096,1415594.3772,96.81005
958,133595.99325,1415594.3192500002,96.93205
959,133596.62764999998,1415594.1576,96.86495000000001
960,133597.2224,1415594.0173000002,96.9473
961,133597.5213,1415593.94715,96.99305
962,133597.83239999998,1415593.8709,96.97475
963,133598.45155,1415593.71535,96.929
964,133598.75960000002,1415593.6391,96.92595
965,133599.0585,1415593.5689499998,96.9839
966,133598.20755000002,1415593.68485,96.96560000000001
967,133595.13315,1415594.43515,96.92595
968,133594.20595,1415594.6608499999,96.91985
969,133593.90399999998,1415594.7340499999,96.89545
970,133592.9707,1415594.9658499998,96.92290000000001
971,133592.6718,1415595.0329500001,96.86495000000001
972,133592.3607,1415595.1153,96.92290000000001
973,133591.1407,1415595.40505,96.85884999999999
974,133589.91155,1415595.71005,96.88325
975,133589.29545,1415595.8564499998,96.8863
976,133587.76434999998,1415596.23465,96.8863
977,133587.15435,1415596.3841,96.88325
978,133586.8463,1415596.4634,96.91375
979,133586.54739999998,1415596.52745,96.85275
980,133586.23935,1415596.60675,96.88019999999999
981,133585.9313,1415596.6830000002,96.8985
982,133585.3213,1415596.8324499999,96.88325
983,133585.01630000002,1415596.9087,96.91985
984,133584.7174,1415596.9758000001,96.87715
985,133584.40935,1415597.0551,96.8924
986,133583.79935,1415597.2076,96.9107
987,133583.48825,1415597.2808,96.9168
988,133583.18325,1415597.3570500002,96.92290000000001
989,133582.57325000002,1415597.5065,96.90154999999999
990,133581.6613,1415597.72915,96.8985
991,133581.05130000002,1415597.8786000002,96.9046
992,133580.4413,1415598.025,96.9168
993,133580.14239999998,1415598.0982000001,96.89545
994,133579.53545,1415598.24765,96.9107
995,133577.11375,1415598.83935,96.89545
996,133575.89985000002,1415599.1352,96.90154999999999
997,133575.60095000002,1415599.20535,96.8558
998,133574.08815,1415599.5744,96.84055
999,133573.48425,1415599.72385,96.84055
1000,133573.1823,1415599.7970500002,96.8436
1001,133572.88035,1415599.87025,96.8436
1002,133572.58145,1415599.9404,96.8131
1003,133571.3706,1415600.2393,96.83445
1004,133571.06865,1415600.30945,96.83445
1005,133570.16585000002,1415600.5321,96.8009
1006,133568.6378,1415600.9164000002,96.92290000000001
1007,133568.05525,1415601.04755,96.79175000000001
1008,133567.4544,1415601.1909,96.7765
1009,133567.1494,1415601.26715,96.78564999999999
1010,133567.0701,1415600.80355,96.8131
1011,133567.3751,1415600.7242500002,96.76429999999999
1012,133568.27790000002,1415600.5077,96.77345000000001
1013,133568.8696,1415600.3613,96.7948
1014,133569.1685,1415600.29115,96.82225
1015,133569.47045,1415600.2148999998,96.8131
1016,133569.7724,1415600.1417,96.82225
1017,133570.07434999998,1415600.0685,96.81615
1018,133570.6813,1415599.91905,96.81615
1019,133571.5841,1415599.6933499998,96.807
1020,133571.88605,1415599.6232,96.8253
1021,133572.1941,1415599.54085,96.7765
1022,133572.7919,1415599.40055,96.83445
1023,133573.4019,1415599.2511000002,96.82225
1024,133574.00274999999,1415599.10165,96.8192
1025,133574.30165,1415599.0284499999,96.82225
1026,133574.5975,1415598.9583,96.8558
1027,133574.9025,1415598.879,96.83445
1028,133575.2075,1415598.8058000002,96.82835
1029,133576.40615,1415598.5191,96.91985
1030,133576.71725,1415598.4337,96.85275
1031,133577.6231,1415598.21715,96.9046
1032,133578.8248,1415597.9213,96.92595
1033,133579.1298,1415597.8420000002,96.9107
1034,133580.0448,1415597.61935,96.8924
1035,133580.34675,1415597.5431,96.87105
1036,133581.5576,1415597.24725,96.8985
1037,133581.8504,1415597.1801500001,96.96865
1038,133582.4726,1415597.02155,96.90154999999999
1039,133582.77455,1415596.9453,96.9168
1040,133583.07345,1415596.8782000002,96.9534
1041,133583.3693,1415596.8080499999,96.97779999999999
1042,133583.99455,1415596.6464000002,96.87715
1043,133584.3026,1415596.5670999999,96.85275
1044,133584.61065,1415596.4878,96.8192
1045,133586.43455,1415596.04555,96.88325
1046,133587.0415,1415595.89915,96.9046
1047,133587.9626,1415595.6642999998,96.84665000000001
1048,133588.5787,1415595.5118,96.8192
1049,133589.4815,1415595.29525,96.89545
1050,133589.78955,1415595.2159499999,96.88325
1051,133590.08235,1415595.1519,96.94425000000001
1052,133590.71675000002,1415594.9872,96.8436
1053,133593.16285,1415594.38635,96.88019999999999
1054,133593.47395,1415594.3101000001,96.88019999999999
1055,133593.7637,1415594.24605,96.9595
1056,133594.68175000002,1415594.02035,96.9473
1057,133594.98675,1415593.9441,96.94425000000001
1058,133595.30395,1415593.8617500002,96.88935000000001
1059,133595.62115,1415593.7793999999,96.83445
1060,133596.21895,1415593.6391,96.93509999999999
1061,133596.53615,1415593.5567500002,96.90765
1062,133598.98835,1415592.9559,96.92290000000001
1063,133598.39055,1415592.98945,96.9595
1064,133598.0825,1415593.0657000002,96.9595
1065,133597.78055,1415593.1389000001,96.929
1066,133597.46335,1415593.21515,96.94425000000001
1067,133597.1553,1415593.2914000002,96.94120000000001
1068,133596.8503,1415593.3676500001,96.94425000000001
1069,133596.54225,1415593.4378,96.9168
1070,133595.92614999998,1415593.58725,96.90154999999999
1071,133595.307,1415593.73975,96.90765
1072,133594.3859,1415593.9685,96.9168
1073,133594.07785,1415594.0417000002,96.8985
1074,133593.76979999998,1415594.11795,96.9168
1075,133592.8426,1415594.3467,96.94120000000001
1076,133592.23870000002,1415594.49005,96.8924
1077,133591.6287,1415594.6364499999,96.88325
1078,133591.31455,1415594.7126999998,96.8924
1079,133589.16735,1415595.2434,96.9046
1080,133587.6454,1415595.61245,96.88325
1081,133586.11735000001,1415595.9876,96.87105
1082,133585.8093,1415596.0608,96.8985
1083,133584.90649999998,1415596.28345,96.88325
1084,133584.59845000002,1415596.35665,96.87715
1085,133584.2904,1415596.43595,96.9046
1086,133583.6804,1415596.5854,96.8985
1087,133583.37235,1415596.6616500001,96.8985
1088,133582.15845000002,1415596.9575,96.8741
1089,133581.85955,1415597.02765,96.85884999999999
1090,133581.24345,1415597.1801500001,96.8924
1091,133580.9415,1415597.25335,96.87715
1092,133580.63955,1415597.3295999998,96.8924
1093,133580.3315,1415597.40585,96.89545
1094,133579.72149999999,1415597.5553,96.9046
1095,133579.41955,1415597.6285,96.90765
1096,133579.12065,1415597.7017,96.88935000000001
1097,133578.5137,1415597.8450500001,96.87715
1098,133578.20565,1415597.92435,96.90154999999999
1099,133577.90065,1415598.0036499999,96.92290000000001
1100,133577.60175,1415598.0676999998,96.8863
1101,133575.7809,1415598.51605,96.86495000000001
1102,133575.47285,1415598.5892500002,96.86495000000001
1103,133573.9631,1415598.9552499999,96.84665000000001
1104,133573.6642,1415599.0314999998,96.8253
1105,133573.05419999998,1415599.184,96.86189999999999
1106,133572.7614,1415599.2480499998,96.7887
1107,133571.5475,1415599.54695,96.8009
1108,133571.2486,1415599.62015,96.8009
1109,133570.9497,1415599.6903,96.7948
1110,133570.34885,1415599.83365,96.77345000000001
1111,133568.833,1415600.2088,96.807
1112,133568.53105,1415600.28505,96.8192
1113,133567.9363,1415600.4283999999,96.77345000000001
1114,133567.63434999998,1415600.5016,96.7765
1115,133567.03045,1415600.648,96.746
1116,133567.4971,1415600.0868,96.746
1117,133568.70184999998,1415599.794,96.77955
1118,133569.6016,1415599.5744,96.82225
1119,133569.90965,1415599.4981499999,96.79175000000001
1120,133570.20854999998,1415599.42495,96.807
1121,133570.8033,1415599.2785500002,96.81005
1122,133571.41025,1415599.12605,96.8009
1123,133572.3039,1415598.91255,96.87105
1124,133572.615,1415598.8302,96.7887
1125,133574.1217,1415598.4581,96.80395
1126,133574.4145,1415598.3879500001,96.85884999999999
1127,133574.70425,1415598.3239000002,96.91985
1128,133575.0062,1415598.25375,96.93205
1129,133575.31425,1415598.1775,96.92290000000001
1130,133575.92425,1415598.0189,96.86800000000001
1131,133576.2323,1415597.9396,96.83445
1132,133576.5373,1415597.8664000002,96.82225
1133,133576.82705,1415597.79625,96.9046
1134,133577.44315,1415597.64375,96.8314
1135,133577.73595,1415597.57665,96.9046
1136,133580.4657,1415596.9026000001,96.9046
1137,133581.6918,1415596.60065,96.87105
1138,133581.98765,1415596.5305,96.9168
1139,133582.59764999998,1415596.378,96.88325
1140,133582.90265,1415596.30175,96.88019999999999
1141,133583.2046,1415596.22855,96.8863
1142,133584.12265,1415595.9998,96.8741
1143,133584.4307,1415595.9235500002,96.8741
1144,133584.7235,1415595.8564499998,96.94120000000001
1145,133585.3518,1415595.6917500002,96.80395
1146,133585.64155,1415595.6276999998,96.8924
1147,133586.26069999998,1415595.47215,96.85884999999999
1148,133586.86155,1415595.3227,96.8863
1149,133587.1635,1415595.25255,96.90154999999999
1150,133588.0968,1415595.0177,96.8253
1151,133588.39875,1415594.9383999999,96.8253
1152,133588.9996,1415594.80115,96.9046
1153,133589.30765,1415594.7218499999,96.85884999999999
1154,133589.6096,1415594.6486499999,96.8863
1155,133589.9268,1415594.56935,96.84665000000001
1156,133590.52765,1415594.42295,96.88935000000001
1157,133590.8357,1415594.3467,96.88935000000001
1158,133591.1468,1415594.2643499998,96.83445
1159,133592.074,1415594.0325500001,96.807
1160,133595.1118,1415593.2974999999,96.96255000000001
1161,133596.0329,1415593.0717999998,96.95644999999999
1162,133596.34399999998,1415592.9925,96.929
1163,133596.6429,1415592.9223500001,96.97475
1164,133597.27120000002,1415592.76375,96.93509999999999
1165,133597.57925,1415592.6875,96.94120000000001
1166,133597.9056,1415592.6020999998,96.8497
1167,133598.18925,1415592.5411,96.97475
1168,133598.50645000002,1415592.45875,96.929
1169,133598.80535,1415592.3886000002,96.95035
1170,133599.1134,1415592.3154,96.96560000000001
1171,133599.01275,1415592.19035,96.96255000000001
1172,133597.7836,1415592.48925,96.9473
1173,133596.86860000002,1415592.70275,96.88935000000001
1174,133596.55445,1415592.78815,96.93815
1175,133596.2464,1415592.85525,96.89545
1176,133595.6303,1415593.0077499999,96.8985
1177,133595.3131,1415593.0901000001,96.94120000000001
1178,133595.01115,1415593.16025,96.92290000000001
1179,133594.70005,1415593.23955,96.92595
1180,133594.39505000002,1415593.3127499998,96.90765
1181,133594.08395,1415593.3920500001,96.93509999999999
1182,133593.782,1415593.46525,96.92290000000001
1183,133593.47395,1415593.5354,96.89545
1184,133593.172,1415593.6086000002,96.88019999999999
1185,133592.85785,1415593.6879,96.8924
1186,133592.55285,1415593.7611,96.90154999999999
1187,133592.23870000002,1415593.8404,96.90765
1188,133591.6348,1415593.98375,96.87105
1189,133591.32675,1415594.06305,96.9046
1190,133587.6515,1415594.9567,96.8741
1191,133586.4315,1415595.2556,96.87715
1192,133584.90345,1415595.6276999998,96.88019999999999
1193,133584.5954,1415595.7039499998,96.87715
1194,133584.29345,1415595.77715,96.86189999999999
1195,133582.15540000002,1415596.2987,96.88935000000001
1196,133581.84735,1415596.3749499999,96.87715
1197,133581.2404,1415596.5244,96.8924
1198,133580.93540000002,1415596.60065,96.8863
1199,133580.6304,1415596.6738500001,96.8863
1200,133580.3254,1415596.7470500001,96.90154999999999
1201,133580.0265,1415596.8233,96.8863
1202,133579.71540000002,1415596.8964999998,96.89545
1203,133579.4165,1415596.97275,96.88935000000001
1204,133579.1115,1415597.0429,96.8741
1205,133578.19955,1415597.2686,96.9046
1206,133577.8976,1415597.3387499999,96.8924
1207,133577.59565,1415597.415,96.87715
1208,133575.48505000002,1415597.9274,96.84665000000001
1209,133575.1831,1415598.0006,96.85275
1210,133573.97835000002,1415598.2964499998,96.88325
1211,133573.68555,1415598.3666,96.85275
1212,133573.38665,1415598.4398,96.86800000000001
1213,133573.0908,1415598.513,96.85884999999999
1214,133572.48995000002,1415598.66245,96.86495000000001
1215,133571.9074,1415598.7966500001,96.84055
1216,133571.30045,1415598.94915,96.83749999999999
1217,133571.00155000002,1415599.0192999998,96.79785
1218,133570.6996,1415599.08945,96.77955
1219,133570.3885,1415599.16875,96.8131
1220,133570.08655,1415599.24195,96.7948
1221,133568.8635,1415599.5378,96.76735
1222,133568.5585,1415599.61405,96.78564999999999
1223,133568.25655,1415599.6842,96.77955
1224,133567.95765,1415599.7604500002,96.76735
1225,133567.02435,1415599.9861499998,96.76735
1226,133567.27445,1415599.5164499998,96.7399
1227,133567.57335000002,1415599.4401999998,96.76125
1228,133568.17725,1415599.2938,96.74905
1229,133568.7781,1415599.1474,96.77345000000001
1230,133569.077,1415599.07725,96.8131
1231,133569.687,1415598.92475,96.78564999999999
1232,133569.9859,1415598.8546,96.82225
1233,133570.59285,1415598.69905,96.77040000000001
1234,133571.1815,1415598.55875,96.8436
1235,133571.78235,1415598.41235,96.86189999999999
1236,133572.09649999999,1415598.33,96.7948
1237,133572.6821,1415598.19275,96.86800000000001
1238,133573.28905,1415598.0402499998,96.86189999999999
1239,133573.8838,1415597.8969,96.90154999999999
1240,133574.19185,1415597.8145500002,96.86800000000001
1241,133574.49075,1415597.7444,96.8741
1242,133574.7927,1415597.6712,96.8741
1243,133575.10075,1415597.5888500002,96.8253
1244,133576.0005,1415597.3723000002,96.86189999999999
1245,133576.2933,1415597.30215,96.91375
1246,133576.59524999998,1415597.22895,96.91375
1247,133576.89415,1415597.1588,96.9595
1248,133577.51025,1415597.0002,96.9046
1249,133577.81220000001,1415596.93005,96.92290000000001
1250,133578.11415,1415596.8476999998,96.88935000000001
1251,133578.4222,1415596.7684,96.86800000000001
1252,133579.03220000002,1415596.6158999999,96.82225
1253,133579.62085,1415596.4817000001,96.929
1254,133580.2339,1415596.3261499999,96.8863
1255,133581.7589,1415595.9479500002,96.85275
1256,133582.06085,1415595.8717,96.8863
1257,133582.3689,1415595.7985,96.86495000000001
1258,133582.67085,1415595.7253,96.88935000000001
1259,133585.4006,1415595.0482,96.87105
1260,133585.70865,1415594.9719500002,96.8558
1261,133586.9317,1415594.67,96.86800000000001
1262,133587.5478,1415594.5175,96.84055
1263,133587.8467,1415594.44735,96.89545
1264,133588.15475,1415594.36805,96.85884999999999
1265,133588.4567,1415594.2918,96.8558
1266,133589.0667,1415594.14235,96.8497
1267,133589.3595,1415594.07525,96.92290000000001
1268,133589.98475,1415593.91665,96.8497
1269,133590.59475,1415593.76415,96.8436
1270,133590.89364999998,1415593.694,96.88935000000001
1271,133593.03475,1415593.16635,96.91375
1272,133594.5811,1415592.7789999999,96.84055
1273,133596.09695,1415592.4130000002,96.95644999999999
1274,133596.3989,1415592.34285,96.97475
1275,133596.73440000002,1415592.2422,96.8314
1276,133597.3444,1415592.09885,96.8924
1277,133598.26245,1415591.8731499999,96.90154999999999
1278,133598.5644,1415591.803,96.92595
1279,133598.8816,1415591.72065,96.89545
1280,133599.0097,1415591.5224,96.97475
1281,133597.7714,1415591.8273999998,96.99
1282,133596.8625,1415592.0439499998,96.93509999999999
1283,133596.24945,1415592.19645,96.91985
1284,133595.94139999998,1415592.26965,96.90765
1285,133595.6303,1415592.3458999998,96.92290000000001
1286,133595.32225,1415592.42215,96.9168
1287,133595.0081,1415592.5014499999,96.94120000000001
1288,133594.71225,1415592.56855,96.8985
1289,133594.3981,1415592.64785,96.9168
1290,133594.087,1415592.7241,96.92290000000001
1291,133593.77895,1415592.80035,96.92290000000001
1292,133593.477,1415592.8705000002,96.88935000000001
1293,133592.85785,1415593.023,96.8985
1294,133592.54979999998,1415593.0992500002,96.9168
1295,133592.24784999999,1415593.17245,96.89545
1296,133591.9337,1415593.2486999999,96.8985
1297,133591.6287,1415593.3188500002,96.8863
1298,133591.3237,1415593.39815,96.88935000000001
1299,133591.02175,1415593.47135,96.8741
1300,133590.71065,1415593.5445500002,96.8741
1301,133588.8837,1415593.9929,96.86189999999999
1302,133588.57565,1415594.06305,96.86495000000001
1303,133587.04455,1415594.44125,96.8497
1304,133586.12954999998,1415594.6639,96.85275
1305,133585.82455,1415594.7401500002,96.85884999999999
1306,133584.90649999998,1415594.9658499998,96.86495000000001
1307,133584.6076,1415595.036,96.8253
1308,133584.2965,1415595.11835,96.8863
1309,133583.9915,1415595.1915499999,96.87105
1310,133583.07955,1415595.4081,96.8558
1311,133582.78065,1415595.48435,96.8436
1312,133582.1676,1415595.6398999998,96.88325
1313,133581.8687,1415595.71005,96.85884999999999
1314,133581.24955,1415595.86255,96.88325
1315,133580.9415,1415595.94185,96.90154999999999
1316,133580.6487,1415596.00895,96.85884999999999
1317,133580.34065,1415596.0851999999,96.8863
1318,133579.43175000002,1415596.30785,96.87105
1319,133579.1298,1415596.3841,96.86800000000001
1320,133578.82785,1415596.4573000001,96.87715
1321,133578.21175000002,1415596.6098,96.8985
1322,133577.6109,1415596.7562,96.87105
1323,133575.48505000002,1415597.2808,96.89545
1324,133573.97835000002,1415597.6468,96.86189999999999
1325,133573.67945,1415597.71695,96.84665000000001
1326,133573.06944999998,1415597.8664000002,96.85275
1327,133572.4686,1415598.0128,96.82835
1328,133572.16665,1415598.0860000001,96.82835
1329,133571.5597,1415598.23545,96.82835
1330,133571.2608,1415598.3086499998,96.8131
1331,133570.95885,1415598.38185,96.81005
1332,133570.36105,1415598.5251999998,96.77955
1333,133569.44605,1415598.74785,96.79175000000001
1334,133568.84825,1415598.8973,96.77040000000001
1335,133568.2474,1415599.0437,96.75515
1336,133567.6435,1415599.18705,96.74905
1337,133567.0335,1415599.3395500001,96.79175000000001
1338,133567.6252,1415598.7539499998,96.77345000000001
1339,133568.21385,1415598.6167000001,96.8741
1340,133568.52495,1415598.5313,96.78564999999999
1341,133569.1258,1415598.38185,96.7887
1342,133569.4308,1415598.3086499998,96.77955
1343,133569.73275,1415598.23545,96.79785
1344,133570.0408,1415598.1592,96.7948
1345,133570.6447,1415598.00975,96.8009
1346,133571.83725,1415597.72,96.91375
1347,133572.1453,1415597.6407,96.83749999999999
1348,133572.4442,1415597.5675,96.85884999999999
1349,133572.7431,1415597.4943,96.8253
1350,133573.33479999998,1415597.3479,96.84665000000001
1351,133574.25895,1415597.1191500002,96.8497
1352,133574.57309999998,1415597.04595,96.86800000000001
1353,133574.872,1415596.96665,96.8436
1354,133575.16785,1415596.8995500002,96.88019999999999
1355,133576.08285,1415596.6708000002,96.8436
1356,133579.68795,1415595.77715,96.85884999999999
1357,133580.27965,1415595.6398999998,96.92290000000001
1358,133581.20685,1415595.40505,96.86189999999999
1359,133581.5088,1415595.3288,96.85884999999999
1360,133581.8077,1415595.25865,96.8924
1361,133582.42075,1415595.1031,96.84665000000001
1362,133582.72575,1415595.0238,96.8497
1363,133583.9366,1415594.731,96.8863
1364,133587.60575000002,1415593.81905,96.82835
1365,133587.91075,1415593.7428,96.84055
1366,133588.20355,1415593.67875,96.91375
1367,133588.8166,1415593.5232,96.87105
1368,133589.11245000002,1415593.4561,96.9168
1369,133589.7316,1415593.3005499998,96.8863
1370,133590.03965,1415593.22125,96.87105
1371,133590.35075,1415593.14195,96.86495000000001
1372,133590.6588,1415593.0687499999,96.8558
1373,133590.9699,1415592.98945,96.82225
1374,133591.88185,1415592.76375,96.8497
1375,133592.1716,1415592.70275,96.9595
1376,133592.806,1415592.5380499999,96.85275
1377,133594.63295,1415592.0927499998,96.9473
1378,133594.94405,1415592.01345,96.91985
1379,133595.246,1415591.9433000002,96.96560000000001
1380,133595.8621,1415591.78775,96.93509999999999
1381,133597.09125,1415591.4858000001,96.94425000000001
1382,133597.3993,1415591.4095500002,96.93815
1383,133597.70124999998,1415591.33635,96.9534
1384,133596.893,1415591.4309,96.93205
1385,133596.58495000002,1415591.50715,96.9473
1386,133595.673,1415591.7267500001,96.9046
1387,133595.05385,1415591.8823000002,96.92290000000001
1388,133594.7458,1415591.9494,96.90154999999999
1389,133594.44385,1415592.0287,96.88935000000001
1390,133594.1358,1415592.1019,96.8985
1391,133593.82165,1415592.1812,96.8985
1392,133592.5925,1415592.4801,96.8924
1393,133592.29055,1415592.55635,96.88325
1394,133591.98249999998,1415592.6295500002,96.86800000000001
1395,133590.7442,1415592.9345500001,96.8863
1396,133587.08725,1415593.8282,96.85884999999999
1397,133586.7792,1415593.90445,96.86800000000001
1398,133586.1692,1415594.0539000002,96.87105
1399,133585.8703,1415594.12405,96.84055
1400,133585.56530000002,1415594.2003,96.86800000000001
1401,133584.95835,1415594.34365,96.82225
1402,133584.64725,1415594.426,96.87105
1403,133584.3392,1415594.5022500001,96.86189999999999
1404,133583.7231,1415594.65475,96.8741
1405,133583.42115,1415594.7248999998,96.85884999999999
1406,133583.1192,1415594.80115,96.85275
1407,133582.8142,1415594.87435,96.86189999999999
1408,133580.9903,1415595.31965,96.87715
1409,133580.3803,1415595.47215,96.8558
1410,133579.47139999998,1415595.6948000002,96.8741
1411,133579.16945,1415595.7680000002,96.8741
1412,133575.8297,1415596.5854,96.85275
1413,133575.5308,1415596.6616500001,96.86189999999999
1414,133575.22275,1415596.7348500001,96.87105
1415,133574.02104999998,1415597.02765,96.8131
1416,133573.7191,1415597.1008499998,96.82225
1417,133573.1091,1415597.25335,96.8558
1418,133572.50215,1415597.39975,96.84055
1419,133571.2913,1415597.69865,96.84055
1420,133570.9924,1415597.76575,96.82225
1421,133570.3885,1415597.9152,96.82225
1422,133570.0896,1415597.9884,96.7948
1423,133569.48265,1415598.13785,96.8009
1424,133568.27790000002,1415598.4337,96.79175000000001
1425,133567.3751,1415598.6533000001,96.78564999999999
1426,133567.0762,1415598.72345,96.77955
1427,133567.1616,1415598.2629,96.72465
1428,133568.65305,1415597.9030000002,96.8192
1429,133569.25389999998,1415597.75355,96.8253
1430,133569.55585,1415597.6742500002,96.81005
1431,133570.16585000002,1415597.52785,96.80395
1432,133570.76975,1415597.3784,96.807
1433,133571.3645,1415597.24115,96.8924
1434,133571.67255000002,1415597.1588,96.84055
1435,133571.9684,1415597.08255,96.84055
1436,133572.27645,1415597.0063,96.8009
1437,133572.57535,1415596.93005,96.8192
1438,133573.17620000002,1415596.7867,96.8436
1439,133573.77705,1415596.6402999999,96.85275
1440,133574.68899999998,1415596.4115499998,96.82835
1441,133574.98485,1415596.34445,96.86800000000001
1442,133575.2929,1415596.26515,96.84055
1443,133576.2079,1415596.0364,96.7826
1444,133576.7813,1415595.91135,96.9839
1445,133577.4096,1415595.74055,96.8253
1446,133577.70545,1415595.67345,96.88019999999999
1447,133580.1302,1415595.0726,96.8497
1448,133581.36239999998,1415594.7615,96.76125
1449,133581.63995,1415594.7066,96.9046
1450,133581.9541,1415594.6212,96.82835
1451,133582.55800000002,1415594.4748,96.85884999999999
1452,133582.85995,1415594.4016,96.86189999999999
1453,133583.1741,1415594.3223,96.84665000000001
1454,133584.083,1415594.09965,96.85275
1455,133584.38495,1415594.02035,96.86495000000001
1456,133585.29690000002,1415593.7976999998,96.86800000000001
1457,133588.0419,1415593.1206,96.84665000000001
1458,133589.2619,1415592.8186499998,96.8558
1459,133589.56385,1415592.7485,96.8741
1460,133589.88715,1415592.6570000001,96.7887
1461,133590.47884999998,1415592.5228,96.89545
1462,133590.78995,1415592.44045,96.83749999999999
1463,133594.4713,1415591.53765,96.86800000000001
1464,133594.2212,1415591.4858000001,96.8924
1465,133590.2379,1415592.45875,96.85275
1466,133589.0179,1415592.75765,96.8436
1467,133588.70985,1415592.8339000002,96.86495000000001
1468,133588.39875,1415592.9101500001,96.86495000000001
1469,133587.78875,1415593.0595999998,96.85884999999999
1470,133587.48374999998,1415593.1328,96.8497
1471,133587.1818,1415593.2121,96.87105
1472,133586.87985,1415593.28225,96.85884999999999
1473,133586.26985,1415593.43475,96.86495000000001
1474,133585.9618,1415593.50795,96.85884999999999
1475,133585.65985,1415593.58115,96.85275
1476,133584.7418,1415593.80685,96.85884999999999
1477,133584.43375,1415593.8831,96.8558
1478,133580.78595000002,1415594.7737,96.8558
1479,133580.17595,1415594.9261999999,96.84055
1480,133579.56595000002,1415595.07565,96.8436
1481,133579.2579,1415595.1519,96.85275
1482,133578.95595,1415595.22815,96.85884999999999
1483,133578.04705,1415595.4508000002,96.86189999999999
1484,133577.7451,1415595.524,96.8558
1485,133577.13815,1415595.6704,96.84055
1486,133576.8362,1415595.74665,96.86189999999999
1487,133575.92425,1415595.96625,96.86189999999999
1488,133575.6284,1415596.0425,96.8314
1489,133575.32035,1415596.11875,96.86495000000001
1490,133574.41755,1415596.3383499999,96.83749999999999
1491,133573.80755,1415596.49085,96.86189999999999
1492,133573.51475,1415596.561,96.8253
1493,133572.90475,1415596.7074,96.8253
1494,133572.6028,1415596.7806,96.83749999999999
1495,133571.08695,1415597.1527,96.83749999999999
1496,133570.4861,1415597.2991,96.8192
1497,133569.88220000002,1415597.44855,96.79785
1498,133568.97635,1415597.66815,96.7887
1499,133568.67135,1415597.74745,96.81615
1500,133568.37245,1415597.8176,96.80395
1501,133568.0705,1415597.8908000002,96.79785
1502,133567.7716,1415597.964,96.7826
1503,133567.4727,1415598.03415,96.76429999999999
1504,133567.57945,1415597.55225,96.7826
1505,133568.1803,1415597.40585,96.79785
1506,133569.37284999999,1415597.1099999999,96.86495000000001
1507,133569.6809,1415597.0368,96.82835
1508,133569.98285,1415596.9575,96.79175000000001
1509,133570.58370000002,1415596.81415,96.82835
1510,133571.18455,1415596.6616500001,96.83749999999999
1511,133571.4743,1415596.59455,96.87715
1512,133571.7793,1415596.5183,96.84665000000001
1513,133572.6943,1415596.2865,96.82225
1514,133573.29515,1415596.14315,96.8253
1515,133574.8049,1415595.77105,96.84665000000001
1516,133575.0977,1415595.7039499998,96.8985
1517,133575.40575,1415595.6216,96.83749999999999
1518,133576.01575,1415595.4691,96.82835
1519,133576.3116,1415595.3989499998,96.85884999999999
1520,133576.6166,1415595.31965,96.85884999999999
1521,133577.52855,1415595.09395,96.81615
1522,133578.12635,1415594.9536499998,96.89545
1523,133578.74550000002,1415594.78895,96.79175000000001
1524,133579.02915000002,1415594.7279500002,96.88325
1525,133579.9472,1415594.4961499998,96.82225
1526,133580.5511,1415594.34975,96.86495000000001
1527,133581.47525,1415594.11795,96.81005
1528,133581.7833,1415594.0386499998,96.7887
1529,133582.07,1415593.97765,96.89545
1530,133582.69525,1415593.816,96.7948
1531,133582.99415,1415593.7428,96.8253
1532,133583.2961,1415593.6696,96.84055
1533,133584.50694999998,1415593.3707,96.84055
1534,133586.94694999998,1415592.7667999999,96.83749999999999
1535,133587.86195,1415592.5411,96.8497
1536,133589.3717,1415592.1751,96.91375
1537,133589.6828,1415592.0958000002,96.8924
1538,133589.99085,1415592.01955,96.87715
1539,133590.60085000002,1415591.8701000002,96.90765
1540,133590.91805,1415591.78775,96.87105
1541,133592.1411,1415591.4858000001,96.86800000000001
1542,133592.45525,1415591.4034499999,96.84055
1543,133591.8056,1415591.44005,96.8863
1544,133591.5067,1415591.5102,96.86189999999999
1545,133590.27755,1415591.81215,96.8558
1546,133589.66755,1415591.96465,96.86189999999999
1547,133589.0606,1415592.1110500002,96.83749999999999
1548,133588.7495,1415592.1873,96.88019999999999
1549,133588.44145,1415592.2666,96.88019999999999
1550,133588.1395,1415592.3367500002,96.85275
1551,133587.5295,1415592.48315,96.84055
1552,133587.22145,1415592.5624499999,96.85884999999999
1553,133586.9134,1415592.63565,96.87715
1554,133586.6206,1415592.70885,96.8253
1555,133586.3034,1415592.78815,96.86189999999999
1556,133585.99534999998,1415592.8644,96.8741
1557,133585.6934,1415592.9315,96.8436
1558,133581.11535,1415594.06,96.86495000000001
1559,133580.81645,1415594.1332,96.8497
1560,133580.5145,1415594.20945,96.85884999999999
1561,133579.60559999998,1415594.42905,96.84055
1562,133579.29755000002,1415594.5052999998,96.85884999999999
1563,133578.9895,1415594.5846,96.8985
1564,133578.39475,1415594.7248999998,96.83445
1565,133578.08975,1415594.79505,96.83445
1566,133577.78475,1415594.8773999999,96.85884999999999
1567,133576.87585,1415595.0909,96.82835
1568,133575.665,1415595.39285,96.8314
1569,133575.35695,1415595.47215,96.8558
1570,133574.45415,1415595.6917500002,96.8314
1571,133573.84415000002,1415595.8412,96.84055
1572,133573.54525,1415595.9144,96.8436
1573,133572.9383,1415596.05775,96.8314
1574,133572.33745,1415596.2072,96.81005
1575,133572.0355,1415596.2804,96.80395
1576,133571.4255,1415596.4329000001,96.82225
1577,133571.1266,1415596.5061,96.82225
1578,133570.82465,1415596.58235,96.8314
1579,133570.2238,1415596.7257,96.8131
1580,133569.61685,1415596.8720999998,96.77345000000001
1581,133569.01295,1415597.01545,96.76735
1582,133568.70489999998,1415597.0977999999,96.81615
1583,133568.41210000002,1415597.1679500001,96.78564999999999
1584,133567.81125,1415597.3113,96.76125
1585,133567.20124999998,1415597.4638,96.77955
1586,133567.06704999998,1415597.1008499998,96.77955
1587,133567.674,1415596.9453,96.7277
1588,133568.27485000002,1415596.7958499999,96.75210000000001
1589,133568.86655,1415596.6586000002,96.81615
1590,133569.4674,1415596.50915,96.8436
1591,133569.7724,1415596.4298500002,96.77955
1592,133570.06825,1415596.3627499999,96.83445
1593,133571.26995000002,1415596.0669,96.87715
1594,133571.8708,1415595.9174499998,96.86495000000001
1595,133572.17885,1415595.83815,96.8192
1596,133572.46555,1415595.7741,96.9107
1597,133572.7797,1415595.6856499999,96.8192
1598,133573.6825,1415595.4660500002,96.82225
1599,133574.5914,1415595.2434,96.84665000000001
1600,133574.89945,1415595.1641,96.807
1601,133575.2014,1415595.08785,96.81615
1602,133576.092,1415594.8713,96.87105
1603,133576.39395,1415594.7981,96.87105
1604,133576.702,1415594.7188,96.8497
1605,133580.0326,1415593.8953,96.88019999999999
1606,133580.34065,1415593.816,96.83445
1607,133581.24649999998,1415593.5903,96.8436
1608,133581.5515,1415593.52015,96.85884999999999
1609,133581.8443,1415593.44695,96.9107
1610,133582.45735,1415593.29445,96.8985
1611,133582.7715,1415593.2182,96.8558
1612,133583.0704,1415593.145,96.87105
1613,133583.37235,1415593.0687499999,96.88019999999999
1614,133583.96405,1415592.9254,96.929
1615,133584.28125,1415592.8461000002,96.88019999999999
1616,133584.58625,1415592.7667999999,96.85884999999999
1617,133589.46625,1415591.559,96.86495000000001
1618,133589.0118,1415591.4736000001,96.88325
1619,133588.70375,1415591.5468,96.88019999999999
1620,133588.4018,1415591.6230499998,96.88325
1621,133588.09375,1415591.6932,96.85884999999999
1622,133587.7857,1415591.76945,96.86495000000001
1623,133587.4807,1415591.8457,96.86800000000001
1624,133587.1757,1415591.9189000002,96.85884999999999
1625,133586.87375,1415591.99515,96.87105
1626,133585.9435,1415592.22085,96.8863
1627,133585.6385,1415592.30015,96.8924
1628,133584.73265,1415592.51975,96.84055
1629,133584.4246,1415592.5960000001,96.85884999999999
1630,133584.1196,1415592.67225,96.86800000000001
1631,133583.50960000002,1415592.8217000002,96.88019999999999
1632,133581.9907,1415593.1938,96.86189999999999
1633,133580.7768,1415593.48355,96.8253
1634,133580.47485,1415593.56285,96.8436
1635,133580.1668,1415593.63605,96.84055
1636,133579.55985,1415593.7855000002,96.83445
1637,133579.2579,1415593.8648,96.85884999999999
1638,133578.95595,1415593.9319,96.84055
1639,133578.34595000002,1415594.0844,96.82835
1640,133578.04095,1415594.1576,96.83445
1641,133577.73595,1415594.2369,96.85884999999999
1642,133576.8362,1415594.4504,96.8192
1643,133576.52815,1415594.5297,96.83445
1644,133575.9212,1415594.67915,96.8253
1645,133575.61620000002,1415594.7523500002,96.82225
1646,133575.3112,1415594.83165,96.8497
1647,133574.4084,1415595.05125,96.82225
1648,133573.7984,1415595.2007,96.83749999999999
1649,133573.49645,1415595.2739000001,96.82225
1650,133572.8895,1415595.4233499998,96.83749999999999
1651,133572.58755,1415595.49655,96.82835
1652,133571.0839,1415595.86255,96.78564999999999
1653,133570.77585,1415595.9388000001,96.7887
1654,133570.47389999998,1415596.01505,96.80395
1655,133569.56805,1415596.23465,96.81005
1656,133568.96415,1415596.3841,96.79175000000001
1657,133568.3633,1415596.5305,96.7765
1658,133568.0583,1415596.60675,96.807
1659,133567.76245,1415596.6769,96.77955
1660,133567.46355,1415596.7501,96.78564999999999
1661,133567.1555,1415596.82635,96.78564999999999
1662,133567.1494,1415596.4176500002,96.86189999999999
1663,133567.46659999999,1415596.3292,96.75210000000001
1664,133568.06745,1415596.1767000002,96.7338
1665,133568.35415,1415596.1157,96.84055
1666,133568.66220000002,1415596.0364,96.807
1667,133569.5772,1415595.80155,96.71245
1668,133570.1689,1415595.6642999998,96.80395
1669,133570.76975,1415595.5148500002,96.81005
1670,133571.35535,1415595.37455,96.8863
1671,133571.97145,1415595.2129000002,96.7887
1672,133572.57535,1415595.0604,96.77345000000001
1673,133573.78315,1415594.7645500002,96.7948
1674,133574.3901,1415594.609,96.73685
1675,133574.6768,1415594.5480000002,96.85275
1676,133575.88765,1415594.24605,96.83749999999999
1677,133576.19264999998,1415594.1698,96.8253
1678,133576.4946,1415594.09355,96.8436
1679,133576.7874,1415594.0264499998,96.90765
1680,133577.40350000001,1415593.87395,96.86495000000001
1681,133577.70545,1415593.7946499998,96.8314
1682,133581.643,1415592.8186499998,96.84055
1683,133582.5458,1415592.5990499998,96.92290000000001
1684,133582.863,1415592.5136499999,96.8253
1685,133583.1558,1415592.44655,96.88325
1686,133584.06470000002,1415592.22085,96.8863
1687,133584.37274999998,1415592.14155,96.86495000000001
1688,133584.6686,1415592.07445,96.91985
1689,133585.28470000002,1415591.92195,96.91375
1690,133585.59274999998,1415591.83655,96.88019999999999
1691,133585.8886,1415591.7725,96.929
1692,133582.11575,1415592.5624499999,96.81005
1693,133581.49354999998,1415592.718,96.85275
1694,133581.18855,1415592.7911999999,96.8497
1695,133580.5816,1415592.9376,96.83445
1696,133580.2705,1415593.0199499999,96.87715
1697,133579.66965,1415593.1694,96.87105
1698,133579.3616,1415593.2426,96.87105
1699,133579.0627,1415593.3127499998,96.81005
1700,133578.15075,1415593.5384499999,96.82225
1701,133577.8427,1415593.6147,96.83445
1702,133577.54075000001,1415593.6879,96.82225
1703,133576.9399,1415593.8343,96.80395
1704,133573.60014999998,1415594.65475,96.79785
1705,133573.30125,1415594.7279500002,96.807
1706,133572.9932,1415594.80725,96.82835
1707,133572.3893,1415594.9536499998,96.8131
1708,133572.09040000002,1415595.0299,96.81005
1709,133571.48345,1415595.1763,96.81005
1710,133571.19065,1415595.24645,96.76429999999999
1711,133570.58065,1415595.3989499998,96.7948
1712,133570.2787,1415595.47215,96.78564999999999
1713,133569.98285,1415595.5423,96.76429999999999
1714,133569.6809,1415595.6155,96.7582
1715,133569.37589999998,1415595.6948000002,96.79785
1716,133568.7781,1415595.83815,96.77040000000001
1717,133567.8753,1415596.06385,96.76429999999999
1718,133566.9847,1415595.8107,96.7948
1719,133567.57945,1415595.66735,96.8314
1720,133568.19555,1415595.5057,96.72465
1721,133568.5036,1415595.4264,96.70025
1722,133568.79945,1415595.3532,96.70939999999999
1723,133569.09530000002,1415595.28305,96.7887
1724,133569.38809999998,1415595.2129000002,96.82835
1725,133569.7053,1415595.13055,96.73685
1726,133569.98895,1415595.0695500001,96.8436
1727,133570.602,1415594.9079,96.74295
1728,133571.19065,1415594.77065,96.84055
1729,133571.4987,1415594.6944,96.8253
1730,133571.80065,1415594.6212,96.84055
1731,133572.1087,1415594.5388500001,96.77040000000001
1732,133572.40455,1415594.46565,96.79785
1733,133572.70955,1415594.3894,96.77345000000001
1734,133573.30125,1415594.24605,96.8131
1735,133574.21015,1415594.0233999998,96.82225
1736,133574.811,1415593.87395,96.84055
1737,133575.116,1415593.7946499998,96.81005
1738,133576.3177,1415593.5048999998,96.86800000000001
1739,133576.62575,1415593.42255,96.83445
1740,133577.52245000002,1415593.20905,96.90154999999999
1741,133577.83354999998,1415593.12365,96.83749999999999
1742,133578.44355,1415592.9742,96.83445
1743,133578.74245,1415592.90405,96.85275
1744,133579.0444,1415592.8217000002,96.83749999999999
1745,133579.3372,1415592.7607,96.91985
1746,133579.6544,1415592.67225,96.8314
1747,133579.96245,1415592.5990499998,96.83445
1748,133580.26135,1415592.5258499999,96.84665000000001
1749,133581.1794,1415592.29405,96.8009
1750,133581.47220000002,1415592.23,96.88019999999999
1751,133581.7894,1415592.14155,96.7765
1752,133582.39025,1415591.99515,96.8192
1753,133582.69220000002,1415591.92195,96.8314
1754,133583.90305,1415591.6261000002,96.8863
1755,133584.49475,1415591.4858000001,96.94425000000001
1756,133583.6926,1415591.53765,96.84665000000001
1757,133583.38455,1415591.6108499998,96.8497
1758,133583.0765,1415591.6901500002,96.85884999999999
1759,133582.15845000002,1415591.91585,96.88019999999999
1760,133581.86565,1415591.986,96.85275
1761,133580.95065,1415592.2117,96.8558
1762,133580.6548,1415592.2848999999,96.84665000000001
1763,133580.3498,1415592.3580999998,96.8497
1764,133579.4348,1415592.5807500002,96.8497
1765,133579.1298,1415592.66005,96.85884999999999
1766,133578.83395,1415592.7301999999,96.8497
1767,133575.7992,1415593.47745,96.82835
1768,133575.4942,1415593.5536999998,96.8314
1769,133574.59445,1415593.7733000002,96.807
1770,133573.97835000002,1415593.9258,96.83445
1771,133573.67945,1415593.99595,96.80395
1772,133573.0786,1415594.1393,96.77345000000001
1773,133572.7675,1415594.2247,96.8314
1774,133572.4686,1415594.2918,96.80395
1775,133570.95885,1415594.6639,96.7765
1776,133570.35495,1415594.8103,96.7887
1777,133567.6496,1415595.47215,96.7216
1778,133567.3446,1415595.55145,96.77040000000001
1779,133567.04265,1415595.62465,96.76429999999999
1780,133567.15855,1415595.158,96.73075000000001
1781,133567.7594,1415595.0116,96.76429999999999
1782,133568.36025,1415594.86215,96.74905
1783,133568.65915,1415594.78895,96.77040000000001
1784,133569.26305,1415594.6364499999,96.7277
1785,133569.56195,1415594.5663,96.79785
1786,133570.16585000002,1415594.4198999999,96.80395
1787,133570.7728,1415594.2613000001,96.77345000000001
1788,133571.3767,1415594.1149,96.77955
1789,133571.67255000002,1415594.0478,96.8253
1790,133572.2673,1415593.9014,96.85884999999999
1791,133572.57535,1415593.8221,96.81615
1792,133573.78315,1415593.5232,96.8253
1793,133574.67985000001,1415593.3036000002,96.86189999999999
1794,133575.2868,1415593.14805,96.8192
1795,133575.59485,1415593.0717999998,96.79785
1796,133575.88765,1415592.9986,96.84665000000001
1797,133576.1896,1415592.92845,96.8558
1798,133576.49765,1415592.8522,96.8497
1799,133576.79655,1415592.77595,96.85275
1800,133577.39130000002,1415592.6326000001,96.92595
1801,133577.7085,1415592.5502499999,96.8436
1802,133579.2335,1415592.16595,96.77345000000001
1803,133580.7829,1415591.6321999999,96.83749999999999
1804,133580.47485,1415591.70845,96.84055
1805,133580.16985,1415591.7847,96.8558
1806,133579.55985,1415591.93415,96.84665000000001
1807,133579.25485,1415592.00735,96.8558
1808,133577.129,1415592.53195,96.83749999999999
1809,133576.5251,1415592.6753,96.8009
1810,133575.31425,1415592.9742,96.807
1811,133574.40535,1415593.1999,96.8192
1812,133574.10035,1415593.27005,96.807
1813,133573.49645,1415593.4134,96.77955
1814,133573.1945,1415593.4988,96.807
1815,133572.88645,1415593.5659,96.8192
1816,133571.37975,1415593.9441,96.81615
1817,133571.0839,1415594.0142500002,96.79785
1818,133570.48305,1415594.1576,96.76429999999999
1819,133570.175,1415594.2369,96.79785
1820,133569.87305,1415594.3101000001,96.76429999999999
1821,133569.5772,1415594.38025,96.72465
1822,133568.9672,1415594.53275,96.74295
1823,133568.65915,1415594.61205,96.78564999999999
1824,133568.3633,1415594.6822,96.76735
1825,133568.0644,1415594.7523500002,96.7338
1826,133567.46050000002,1415594.90485,96.7582
1827,133567.1616,1415594.9780499998,96.746
1828,133567.31715,1415594.4961499998,96.70025
1829,133567.6069,1415594.42905,96.77955
1830,133568.21995,1415594.2704500002,96.69415000000001
1831,133568.8025,1415594.13625,96.8192
1832,133569.7114,1415593.9075,96.76125
1833,133570.0042,1415593.8373500002,96.8131
1834,133570.61114999998,1415593.6879,96.7948
1835,133571.5109,1415593.47135,96.87105
1836,133571.81895000002,1415593.3829,96.7887
1837,133572.1209,1415593.3127499998,96.7887
1838,133572.41065,1415593.23955,96.84665000000001
1839,133572.7126,1415593.17245,96.86189999999999
1840,133573.3287,1415593.0108,96.78564999999999
1841,133574.53040000002,1415592.718,96.8314
1842,133574.84149999998,1415592.63565,96.7826
1843,133576.3421,1415592.26355,96.8253
1844,133576.6471,1415592.19035,96.8253
1845,133577.55295,1415591.9677,96.8497
1846,133579.06575,1415591.5834,96.82225
1847,133579.36465,1415591.51935,96.8497
1848,133578.05925000002,1415591.6321999999,96.84055
1849,133577.7573,1415591.7054,96.83445
1850,133577.14729999998,1415591.8579,96.8436
1851,133576.54035,1415592.0043,96.8192
1852,133575.9334,1415592.15375,96.83749999999999
1853,133575.63755,1415592.22695,96.8253
1854,133575.33255000002,1415592.30015,96.8192
1855,133575.02755,1415592.3764000002,96.82835
1856,133574.4267,1415592.5228,96.8131
1857,133574.11865,1415592.6020999998,96.83445
1858,133573.8167,1415592.6753,96.81615
1859,133573.5178,1415592.74545,96.79785
1860,133572.91085000001,1415592.8949,96.80395
1861,133572.60585,1415592.9711499999,96.79785
1862,133571.39805,1415593.2639499998,96.77345000000001
1863,133571.0961,1415593.33715,96.77040000000001
1864,133570.7972,1415593.41645,96.7887
1865,133569.5955,1415593.7123,96.7948
1866,133568.99465,1415593.85565,96.7399
1867,133568.38465,1415594.0051,96.76125
1868,133568.0827,1415594.08135,96.7765
1869,133567.7838,1415594.1515,96.76429999999999
1870,133567.48184999998,1415594.2277499998,96.75210000000001
1871,133567.13415,1415593.9197,96.77040000000001
1872,133567.4361,1415593.84345,96.75515
1873,133568.04,1415593.694,96.75210000000001
1874,133568.345,1415593.6208000001,96.76429999999999
1875,133568.6439,1415593.5476000002,96.7826
1876,133569.2478,1415593.3951,96.75515
1877,133569.5467,1415593.3188500002,96.76125
1878,133569.8456,1415593.24565,96.77040000000001
1879,133570.1384,1415593.1755000001,96.80395
1880,133570.74229999998,1415593.023,96.7826
1881,133571.3401,1415592.8766,96.81615
1882,133571.944,1415592.7241,96.76429999999999
1883,133572.53875,1415592.5776999998,96.8131
1884,133573.74045,1415592.28185,96.86495000000001
1885,133574.35045,1415592.12935,96.8314
1886,133574.64325,1415592.06225,96.9107
1887,133575.25325,1415591.9067000002,96.85884999999999
1888,133576.16215,1415591.6779500002,96.8253
1889,133576.76605,1415591.5285,96.83445
1890,133575.72295,1415591.5834,96.82225
1891,133575.41185,1415591.6626999998,96.85275
1892,133575.116,1415591.7359,96.807
1893,133573.29210000002,1415592.1873,96.8314
1894,133572.9932,1415592.2544,96.8009
1895,133572.0843,1415592.4862,96.81005
1896,133571.47735,1415592.6326000001,96.78564999999999
1897,133571.1815,1415592.70275,96.76125
1898,133570.8826,1415592.7789999999,96.77345000000001
1899,133570.27565,1415592.9254,96.7826
1900,133569.9737,1415593.0047,96.78564999999999
1901,133568.76895,1415593.2974999999,96.74295
1902,133568.162,1415593.45,96.7826
1903,133567.8631,1415593.5232,96.77040000000001
1904,133566.9603,1415593.7458499998,96.74295
1905,133568.1376,1415593.0077499999,96.746
1906,133568.43649999998,1415592.9315,96.746
1907,133568.73845,1415592.85525,96.7399
1908,133569.0282,1415592.79425,96.8436
1909,133569.33625,1415592.70885,96.76429999999999
1910,133569.6382,1415592.6326000001,96.75515
1911,133569.9371,1415592.5594,96.7765
1912,133570.84295,1415592.3367500002,96.77955
1913,133571.44075,1415592.19035,96.81005
1914,133571.7488,1415592.1110500002,96.78564999999999
1915,133572.05075,1415592.03175,96.7826
1916,133572.34965,1415591.96465,96.807
1917,133572.6455,1415591.8883999998,96.83749999999999
1918,133573.38055,1415591.5834,96.8436
1919,133573.0786,1415591.6566,96.83749999999999
1920,133572.7797,1415591.7267500001,96.8009
1921,133572.47775,1415591.79995,96.79175000000001
1922,133570.9619,1415592.17815,96.81615
1923,133570.66605,1415592.24525,96.76735
1924,133570.36715,1415592.3214999998,96.7826
1925,133568.55544999999,1415592.7729,96.79175000000001
1926,133567.6557,1415592.9925,96.7826
1927,133567.04875,1415593.14195,96.77345000000001
1928,133567.0518,1415592.6753,96.74295
1929,133568.24435,1415592.38555,96.7948
1930,133569.44605,1415592.0897,96.85884999999999
1931,133570.04995000002,1415591.9372,96.82225
1932,133570.6508,1415591.78775,96.8253
1933,133571.2608,1415591.6321999999,96.79175000000001
1934,133571.5536,1415591.5651,96.84055
1935,133570.70875,1415591.6017,96.7887
1936,133570.1079,1415591.7481,96.77040000000001
1937,133569.79985,1415591.82435,96.77955
1938,133569.49790000002,1415591.89755,96.77345000000001
1939,133568.89705,1415592.05005,96.7948
1940,133568.59815,1415592.1201999998,96.75210000000001
1941,133568.2962,1415592.1934,96.78564999999999
1942,133567.9973,1415592.2666,96.74295
1943,133567.0945,1415592.48925,96.73075000000001
1944,133567.46355,1415591.98295,96.82835
1945,133568.6744,1415591.67185,96.72465
1946,133568.97329999998,1415591.6017,96.75515
1947,133568.00035,1415591.6261000002,96.7765
1948,133567.70145,1415591.69625,96.76429999999999
1949,133567.40255,1415591.76945,96.7277
1950,133567.10365,1415591.8395999998,96.71245
1951,133598.55525,1415591.3424499999,96.99305
1952,133598.88465,1415591.3851500002,97.00525
1953,133597.625,1415591.7542,96.89545
1954,133596.31045,1415591.5864499998,96.8009
1955,133596.02375,1415591.54985,96.91375
1956,133595.37105,1415591.4675,96.8985
1957,133594.7092,1415591.43395,96.929
1958,133595.03555,1415591.4736000001,96.94425000000001
1959,133595.67604999998,1415591.559,96.91985
1960,133596.65205,1415591.68405,96.96255000000001
1961,133596.96315,1415591.7267500001,96.9534
1962,133597.2773,1415591.7664,96.94120000000001
1963,133598.8877,1415591.97685,96.9717
1964,133595.79499999998,1415592.1598500002,96.95035
1965,133595.429,1415592.1201999998,96.8253
1966,133594.1602,1415591.9555000002,96.89545
1967,133593.8308,1415591.91585,96.8741
1968,133593.4892,1415591.8731499999,96.8253
1969,133593.19335000002,1415591.8335,96.89545
1970,133592.87005,1415591.79385,96.9046
1971,133592.21735,1415591.7115,96.87105
1972,133591.22305,1415591.5864499998,96.82225
1973,133590.93025,1415591.5468,96.92290000000001
1974,133589.695,1415591.45225,96.8863
1975,133590.00915,1415591.49495,96.87715
1976,133590.3233,1415591.5346,96.86189999999999
1977,133590.66185,1415591.5773,96.9107
1978,133591.9398,1415591.73895,96.88935000000001
1979,133592.5864,1415591.8273999998,96.9046
1980,133596.4416,1415592.3214999998,96.9168
1981,133597.0943,1415592.4069,96.9595
1982,133597.4115,1415592.4496,96.95644999999999
1983,133598.6986,1415592.6143,96.98085
1984,133599.0097,1415592.65395,96.96865
1985,133599.33604999998,1415592.69665,96.98695000000001
1986,133597.3444,1415592.9681,96.85884999999999
1987,133597.0333,1415592.9254,96.8985
1988,133596.07559999998,1415592.8033999999,96.92290000000001
1989,133595.4168,1415592.72105,96.8863
1990,133595.0935,1415592.67835,96.88325
1991,133594.4469,1415592.5960000001,96.88325
1992,133594.1175,1415592.5502499999,96.86495000000001
1993,133593.78505,1415592.5136499999,96.83445
1994,133593.49835,1415592.474,96.93509999999999
1995,133593.13235,1415592.4313,96.80395
1996,133592.17465,1415592.30625,96.85275
1997,133591.86965,1415592.2666,96.90765
1998,133585.56530000002,1415591.4675,96.83445
1999,133585.89165,1415591.50715,96.86495000000001
